Product code,Product name,Cost,Price,Custom barcode id
PD68000054,แว่นตาว่ายน้ำตาโต-ใหญ่ GV,70,85,8858599027821
PD69001341,หมึกล่องหน (กล่อง),120,200,
PD69001392,*ถังทรายปราสาทพลั่ว 9243 (ลัง),2520,2880,
PD69001328,*ถังทรายปูบน 9211/P (ลัง),1320,1512,
PD69001417,"ห่วงกล่องโพนี่เขียว 90 cm.36"" SY-A0782",100,135,8859316312497
8858711984230,ถ่าน AA กล่อง,77.5,95,8858711984230
PD68000157,แท่งโฟม,40,50,8859316332884
PD68000803,"ไฟเย็น 7"" กล่อง",145,165,M026-T3051
PD69001447,*ถังทรายปราสาทใหญ่ 9299,1700,1872,8851631092993
PD68001099,ที่คาดผม คริสมาสต์ (แพค),8.33,140,
PD68000158,แท่งโฟม + ข้อต่อ,49.5,60,520191954123
PD69001304,หมูโอ๊กเล็ก,26,35,1988321500531
PD68000077,จระเข้งับ Kim,40,50,220519016
PD69001394,*ถังทรายปราสาทปูบน 9268/P (ลัง),1560,1800,
PD68000700,"ห่วง 2 ชั้น 80 cm. 30""",48,60,8859811110543
PD68000561,เบย์เบลด BEYBLADE X,60,65,4904811210206
PD69001462,ชูชีพเป่าลม L ฟ.,49.5,60,6956373200414
PD69001252,เลโก้ ไมโคร W2602 (แผง),135,165,
PD69001380,สกุชชี่ไอติม (กล่อง),360,440,
PD69001383,สกุชชี่เนยแท่ง 12cm. (กล่อง),360,420,
PD69001331,*ถังทรายเรือ 9221 (ลัง),1560,1752,
PD69001210,กังหัน Superman,55,65,8858599032191
PD69001274,ซองกันน้ำ VR (แพค 12),138,170,6913516446641
PD68000111,ถ่าน AAA กล่อง,58.3333,70,8850001023315
PD69001209,กังหัน Iron man,55,65,8858599032214
PD69001393,*ถังทรายจิ๋ว 9265 (ลัง),1800,2160,
PD68000783,เครื่องบินร่อน MTR,29.75,40,8851059144151
LY029,ปืนเป่าฟอง bubble KIN,45,55,520212279235
PD69001266,สน็อกเกิ้ล Diving MTR,105,135,8851059144984
PD69001333,*ถังทรายปูล่าง 9208 (ลัง),1080,1200,
PD69001350,"ห่วงคัลเลอร์ฟูล 120 cm.48""",112.5,135,6956373213322
PD68001093,ปืนเป่าฟอง FLYING ARMOR MG,45,55,8859472407853
PD69001371,บอลโฟม แผง(20),90,100,
PD69001373,ลูกโป่งวิทยาศาสตร์ แผง (15),135,150,
PD69001410,ตกปลาไดโนเสาร์ (25) แผง,112.5,125,
PD68000701,"ห่วง 2 ชั้น 80 cm. 30""",48,60,6956373007891
PD68000034,ถังทรายรถเกรด,55,70,6903516411794
PD68000562,เบย์เบลด BEYBLADE X,60,65,4904811210213
SW-M02-L/XL,ฟลูเฟรชมาร์ก,170.9967,200,6910102402920
PD68000050,พลั่วไม้สั้น GV,30,35,
PD69001189,ห่วงหางนางเงือก 70 cm. SY-A2177 (21774),63,85,6956373021774
PD69001188,ห่วงsportcool+มือจับ 48 นิ้ว120 cm. 2376,112.5,135,6956373322376
PD69001214,เสื่อสานเล็ก 90x180 (มัด),265,320,
PD69001227,แว่นตาแผง 125 (25.-),112.5,125,201045186951
PD69001327,*ถังทรายปูบน 9211 (ลัง),1320,1512,
PD69001332,*ถังทรายแม็คโค 564B (ลัง),1560,1752,
PD69001408,ลูกโป่งน้ำ (10) แผง,90,100,1988032125078
PD68000185,ขาสอดไดโนเสาร์ฟ้า,54,70,6956373020531
PD69001246,โมเดลรถแข่ง 888-98A (แผง),100,110,
PD68001062,ถังทรายรถเกรด KIM,55,70,609119812
PD69001213,เสื่อสานใหญ่ 130x180 (มัด),620,730,
PD68000876,สลาม (กล่อง),12.5,200,6973247070652
PD69001406,เกมแม่เหล็กมหัศจรรย์ (30) แผง,135,150,
PD68000143,บอลหนังมัน,22.5,28,8859074804722
PD69001255,เกมกด E9999 (แผง),247.5,275,
PD69001404,โรยทรายแผง K383 5 บาท (แผง),43,55,
PD68000560,เบย์เบลด BEYBLADE X,60,65,4904811210190
PD69001204,เรือเจ็ทสกี บังคับ,95,120,6903606434207
PD68000113,สน็อกเกิ้ลกระดาษตราเพชร KIM,60,75,093319325
PD68000360,"ห่วงคัลเลอร์ฟูล 36"" SY-A2133",63,90,6956373021330
PD69001201,ปักหมุดหมี แผง 5 บาท,49.5,55,
PD68000994,ขาสอดยูนิคอร์น Baby Boat 70 cm. SY-A0775,54,70,6956373107754
PD69001329,*ถังทรายทอมเล็ก 9296 (ลัง),1120,1296,
PD68001061,"ห่วง 2 ชั้น 80 cm. 30""",48,60,6956373010662
PD69001334,*ถังทรายรถเข็นทรายกะบะเหลี่ยม 9244 (ลัง),1140,1260,
PD69001463,ชูชีพเป่าลม XL ฟ.,58.5,70,6956373200421
PD68000079,กรงนก V.R.,50,60,6903516415815
PD69001249,โมเดลรถก่อสร้างเหล็ก X09-1 (แผง),112.5,125,
PD69001395,*ถังทรายรถดั้มพ์ 561 (ลัง),1200,1476,
PD68000142,บอลหนังมัน Soccer,22.5,28,8856641008910
PD69001378,สกุชชี่ซาลาเปา ใหญ่ (มีไฟ) กล่อง,420,550,
PD69001253,โมเดลรถเหล็ก 322-60 (แผง),90,110,
PD69001251,โมเดลรถโบราณเหล็ก X14-1 (แผง),112.5,125,
PD69001212,กระเทียม ART.NO.8300 (มัด),420,480,
PD68000718,บอลหนังมันลิขสิทธิ์ Micky,20,35,8859074807501
PD68000715,ของเล่นกล่องคละแบบ,80,95,ST00081
PD69001396,*ถังทรายรถเข็นทรายใหญ่ 9241 (ลัง),1080,1200,
PD68000834,สกุชชี่ซาลาเปา (กล่อง),108,200,8857121612122
PD68000553,แว่นซองซิปเด็ก,31.5,35,6930987708306
PD68000381,เสื้อกันฝน (20) แผง,90,100,ST00073
PD69001273,ซองกันน้ำคาดอก VR (แพค),168,210,6913516446634
PD69001339,สกุชชี่ซาลาเปา ใหญ่ (กล่อง),420,530,
PD68000728,ชุดขุดฟอสซิล คละแบบ,12,20,5906302704736
PD69001232,**บอลหนังมัน (ลัง)**,2700,3240,
PD68000674,ห่วงยางรูปปลาวาฬ 36 นิ้ว ชมพู/ฟ้า,57,85,8859811111472
PD68001063,ว่าวเปล่า 35 cm.,30,30,
PD69001218,กังหันกลมคละแบบ BR.,45,55,87892892630941
PD69001330,*ถังทรายรถดั้ม 562B (ลัง),1560,1752,
PD68000044,พลั่วไม้สั้น MTR,30,35,8851059131731
PD69001336,*ถังทรายถังกลาง 9209 (ลัง),960,1128,
PD69001369,สไลม์ สายไหม แผง (25),112.5,125,
SJR-WT-BL013,บอลหนังมัน,22.5,28,8859074804746
PD68000993,ปืนเป่าฟอง Bubble Gun (KIN),45,55,
PD68000052,แว่นตาว่ายน้ำตาโต-เล็ก GV,50,65,8858599027838
PD68000070,แว่นตาแผง,90,100,520190307609
PD68001097,ที่คาดผมไฟ เขากวาง (แพค 10),100,150,
PD69001391,*ถังกลมพาสเทล 9302 (ลัง),1020,1200,
PD69001433,รถโพลีกล่อง (6 ตัว),280,330,6950045653270
PD69001448,*ถังทราย Funny 60A,2400,2880,
PD68000001,ถังทรายปูบน 9211,55,65,8851631092115
PD68000002,ถังทรายลิขสิทธิ์ Avengers No.HE-1190,60,75,8858740411905
8850157400190,ถังทรายลิขสิทธิ์ Hello Kitty No.KT-7120,60,75,8858740471206
PD68000003,ชุดเล่นทราย,14,20,8857121626211
PD68000004,ชุดเล่นทราย เล็ก,10,10,ST00089
PD68000005,ชุดเล่นทราย พาสเทล,15,20,620210000227
PD68000006,ถังเหลี่ยมพาสเทล 9303,55.41666,75,8851631093037
PD68000007,ถังกลมพาสเทล 9302,42.5,50,8851631093020
PD68000008,ถังทรายเรือ 9221,65,75,8851631092214
PD68000009,ถังทรายแม็กโคเล็ก,40,50,ST00068
PD68000010,ถังทรายแม็คโค 564B,59.5,75,8851631255640
PD68000011,ถังทรายแม็คโค 568B,59.5,75,8851631255688
PD68000012,ถังทรายไอติม,55,65,8854028001127
PD68000013,ถังทรายกังหันเป็ด,65,80,8850961159130
PD68000014,ถังทรายจิ๋ว 9265,15,18,8851631092658
PD68000015,ถังทรายจีน,50,60,1988321923026
PD68000016,ถังทรายดั้มเล็ก,40,55,ST00071
PD68000017,ถังทรายดั้มสวย,50,57,9558102316440
PD68000018,ถังทรายดั้มสวย พาสเทล,46,57,1988321922913
PD68000019,ถังทรายถังกลาง 9209,40,47,8851631092092
PD68000020,ถังทรายถังเป็ด,60,70,8850961159123
PD68000021,ถังทรายทอมเล็ก 9296,23.33333,28,8851631092962
PD68000023,ถังทรายทอมใหญ่ 9297,55,60,8851631092979
PD68000024,ถังทรายบัวรดน้ำ 9267,16.66666,20,8851631092672
PD68000025,ถังทรายปราสาทใหญ่ 9299,70.833333,80,8851631092993
PD68000026,ถังทรายปราสาทกลมพาสเทล,55,60,1988321900119
PD68000027,ถังทรายปราสาทปูบน 9268/P,65,75,8851631092689
PD68000028,ถังทรายปราสาทพลั่ว 9243,105,120,8851631092436
PD68000030,ถังทรายปูบน 9211/p,55,65,8851631392116
PD68000031,ถังทรายปูล่าง 9208,45,50,8851631092085
PD68000032,ถังทรายปูล่าง+บัว 9242,42.5,50,8851631092429
PD68000033,ถังทรายพลั่ว พาสเทล,80,100,1988321900140
PD68000035,ถังทรายรถเกรด,51,70,8851059128946
PD68000036,ถังทรายรถเข็นทรายใหญ่ 9241,90,100,8851631092412
PD68000037,ถังทรายรถเป็ดเหลือง,105,120,8858599024271
PD68000039,ถังทรายรถไฟโทมัส,105,125,6903516418588
PD68000040,ถังทรายรถดั้ม 562B,59.5,75,8851631255626
PD68000042,พลั่วไม้ยาว,40,50,9558102314187
PD68000043,พลั่วไม้ยาว santeve,41,50,8859316334130
PD68000045,พลั่วพลาสติก,13.25,20,1988321652469
PD68000046,พลั่วพลาสติก พาสเทล,30,35,520190899678
PD68000048,รถแม็คโคเด็กนั่ง+หมวก 234,380,399,8851631052348
PD68000049,รถบรรทุก Avengers,105,125,8858740411912
PD68000053,แว่นตาว่ายน้ำตาโต-เล็ก TC.,50,65,520191900090
PD68000055,แว่นตาว่ายน้ำตาโต-ใหญ่ TC.,70,85,520191603021
PD68000056,แว่นตาว่ายน้ำตาโต-ถูก(ถุง),25,35,8850001000033
PD68000057,แว่นกล่อง sainteve,76.5,110,6956373090183
PD68000058,แว่นปรอทเล็ก 8016,96.29617718,120,8859316315153
PD68000059,แว่นปรอทใหญ่ 8025,130.4434697,160,8859316315139
PD68000060,แว่นซิลิโคน,110,135,520191961022
PD68000061,แว่นกล่องเขียว,90,105,8859316315054
PD68000062,แว่นกล่องขาว ZT,76,90,8857121572525
PD68000063,แว่นกล่องดำ,85.5,100,6956373000632
PD68000064,แว่นซองซิปฟ้า,27.0068,35,8859316315078
PD68000065,แว่นกล่อง Shui Jing Ring,30,35,8850001000132
PD68000066,แว่นกล่อง Wave เล็ก,30,35,6903516418342
PD68000069,แว่นกรอบสัตว์,35,40,8850001000163
PD68000071,ปืนเป่าฟอง space,42,55,1988321955485
PD68000072,ปืนเป่าฟอง bubble TC.,45,55,520192279232
PD68000073,ปืนเป่าฟอง bubble MTR,38.25,55,8851059142553
PD68000074,เป็ดพูดตาม,135,155,520190895731
PD68000075,ปืนเป่าฟอง cutepet,80,95,8850001023025
PD68000076,จระเข้งับ,40,50,660227630
PD68000078,กรงนก,50,60,820201540927
PD68000080,อูโนกล่องเหล็ก,38,45,8850001023063
PD68000081,โดมิโน่ No.9071,35.83333,40,8851631090715
PD68000082,บิงโกหยอดเหรียญ,75,80,8851631090241
PD68000083,ปืนเป่าฟอง YHO,55,65,8859472400519
PD68000084,น้ำยาเป่าฟอง 473 ml. ZT,12.5,20,8857121607104
PD68000085,หมาดุ๊กดิ๊ก,46,55,1988321500104
PD68000086,กระต่ายดุ๊กดิ๊ก รุ้ง,49,55,1988321500098
PD68000087,กระต่ายดุ๊กดิ๊ก สีพื้น,49,55,1988321500074
PD68000089,กังหัน ปิกาจู B.R.,50,60,87892891184889
PD68000090,กังหัน Spiderman B.R.,50,60,87892891184551
PD68000091,กังหัน ยูนิคอน CWT,50,60,9558102317904
PD68000093,เป่าฟองใหญ่ Kitty,27,30,8858740471039
PD68000094,เป่าฟองใหญ่ โดเรม่อน,27,30,8858740484824
PD68000095,เป่าฟองใหญ่ แอเรียล,27,30,8858740426268
PD68000099,รูบริค,50,55,8850001023209
PD68000104,อูโนกล่องกระดาษ แดง,13.5,17,6987596450058
PD68000105,อูโนกล่องกระดาษ ม่วง,13.5,17,887961751062
PD68000106,รถแม็กโค Superbackhoe,0,30,8851631059989
PD68000107,ว่าวนก 50 cm,35,45,8850001023285
PD68000108,ว่าวแผงการ์ตูน(45),205,230,8850001023292
PD68000112,สน็อกเกิ้ลเด็ก,108.0058,130,8859316333607
PD68000114,สน็อกเกิ้ลกระดาษตราเพชร VR,60,75,6903516414573
PD68000115,สน็อกเกิ้ล Dry super,120.0005,150,8859316300630
PD68000116,สน็อกเกิ้ล Yajie,135,175,8858599029276
PD68000117,สน็อกเกิ้ล Diving,110,135,6910102400988
PD68000118,สน็อกเกิ้ล CWT,145,175,9558102313357
PD68000119,ฟลูเฟรชมาร์ก,171,200,8859316312213
PD68000120,บอร์ดลิขสิทธิ์ Ben10,110,130,8859074825666
PD68000121,บอร์ดลิขสิทธิ์ minions,110,130,8859074825253
PD68000122,อูคูเลเล่,86,90,ST00069
PD68000123,ของเล่นลูกบอลสไลด์เดอร์,57,65,ST00070
PD68000124,บอร์ดลิขสิทธิ์ LOL MGA,110,130,8859074825208
PD68000125,บอร์ดลิขสิทธิ์ Paw patrol,110,130,8859074821415
PD68000126,บอร์ดลิขสิทธิ์หญิง เจ้าหญิง,110,130,8859074819511
PD68000127,แพเป็ด JUNIOR SY-A0371,243,300,6956373003718
PD68000128,แพเป็ด Sainteve SY-A0761,370,440,6956373007617
PD68000129,แพเป็ดรุ้ง Sainteve SY-A2190,387,440,6956373021903
PD68000130,แพยูนิคอร์น Sainteve SY-A0760,387,440,6956373007600
PD68000131,แพฟลามิงโก้ Sainteve SY-A0878,350,440,6956373008782
PD68000132,แพเป็ด MAHNAM T70-006V1,290,400,8859811101060
PD68000133,แพฟลามิงโก้ลายดอก ม่วง P70-20467F,304,400,8859811111281
PD68000134,แพยูนิคอร์น Intex,380,550,6941057407456
PD68000135,แพฟลามิงโก้ลายดอก Intex ฟ้า,470,590,6941057417394
PD68000136,แพโซฟา ฟ้า Intex,580,690,6941057422596
PD68000137,แพจระเข้ใหญ่ Bestway,420,530,6942138934397
PD68000138,แพปลาวาฬจัมโบ้,235,280,6942138940046
PD68000139,แพยูนิคอร์น Bestway,415,480,6942138947502
PD68000140,แพจระเข้ sainteve SY-B2029,171,230,6956373020296
PD68000141,บอลหนังมัน,22.5,28,8850001021007
PD68000144,บอลถูก,14,17,8850001021014
PD68000145,บอลโดเรม่อน,20,25,8858740489669
PD68000146,บอลสโมสร เบอร์ 2,50,60,8850001021038
PD68000147,บอลสโมสร เบอร์ 5,95,120,8850001021045
PD68000148,บอลหนังหนาขาวดำ,50,70,8859074809222
PD68000149,บอลหนังหนารุ้ง,60,70,8859074822023
PD68000150,ฟุตบอล,90,105,8850961160112
PD68000151,วอลเลย์บอล หลากสี,80,105,
PD68000152,บอลพวงสี 7 cm. 100 ลูก,180,205,11900002
PD68000153,บอลพวงมุก 7 cm. 100 ลูก,190,220,8850001021106
PD68000154,บอลหนังกลาง,40,50,8859074832312
PD68000155,บอลลิขสิทธิ์ถูก,12,17,8850001021120
PD68000156,แท่งโฟม,35,50,6910102401114
PD68000160,ชูชีพเป่าลม XL,58.5,70,6956373120040
PD68000162,ชูชีพเป่าลมปลา L,54,65,6956373108987
PD68000164,ชูชีพเป่าลมปลา XL,59,75,6956373209004
PD68000165,ชูชีพโฟม No.1,65,75,8850001019059
PD68000166,ชูชีพโฟม No.2,75,85,8850001019066
PD68000167,ชูชีพโฟม No.3,85,95,8850001019073
PD68000168,ชูชีพโฟม No.4,105,115,8850001019080
PD68000170,ชูชีพโฟม No.6,125,150,8850001019103
PD68000171,คาดอกลิขสิทิ์ชาย เบ็นเท็น,265,280,8859074823372
PD68000172,ชูชีพเป่าลม L,49.5,60,6956373020043
PD68000173,คาดอกลิขสิทิ์หญิง เจ้าหญิง,265,280,8859074822801
PD68000174,คาดอก,100,135,6910102402784
PD68000175,คาดอกลิขสิทิ์หญิง เอลซ่า,265,280,8859074823365
PD68000176,ห่วงคาดเอว เป็ด,63,75,8850001019158
PD68000177,ห่วงคอเป่าลม,55,65,6956373010792
PD68000178,ห่วงหัวยูนิคอร์นกากเพชรซองฟ้าเหลือง 70 cm.,76.5,90,8850001013002
PD68000179,ห่วงหัวเป็ดเนื้อใส ชมพู เขียว 70 cm. SY-A2088,58.5,80,6956373020883
PD68000180,ห่วงหางนางเงือก 70 cm. SY-A2177,76.5,85,8850001013026
PD68000181,ขาสอดช้าง 70 cm.,59,70,6956373011508
PD68000182,ขาสอดโพนี่หัวหยอง,54,70,6956373011973
PD68000183,ขาสอดฟลามิงโก้,54,70,8850001018045
PD68000184,ขาสอดไดโนเสาร์ฟ้า SY-A2053,54,70,6912332620532
PD68000186,ขาสอดเป็ด MAHNAM,60,70,8850002018068
PD68000187,ขาสอดกระต่ายส้ม,59,70,8850003018074
PD68000189,ขาสอดยูนิคอร์นขาว MAHNAM,75,85,8850002018099
PD68000190,ขาสอดโพนี่สวยชมพู A2202,54,70,6956373022023
PD68000191,ขาสอดโพนี่สวยชมพู SY-A2079/A2202,54,70,6956373020791
PD68000192,ขาสอดเป็ด SAINTEVE SY-A1168,54,70,6956373011683
PD68000194,ขาสอดจระเข้ SY-A0381,53.97776629,70,6956373003817
PD68000196,แพเรือ Best Way 2 m,0,960,ST00072
PD68000197,ขาสอดยูนิคอร์น Baby Boat,55,70,8850008018130
PD68000198,ขาสอดแมวมาลีชมพู SY-A0738,54,70,6956373007389
PD68000200,ขาสอดไดโนเสาร์ส้ม SY-A2054,54,70,6956373020548
PD68000201,ขาสอดโพนี่ชมพูกากเพชร SY-A2080/A2250,63,75,6956373020807
PD68000202,ขาสอดอัลปาก้า,65,75,8859565704678
PD68000204,ขาสอดกระรอก SY-A0952,54,70,6956373009529
PD68000205,ขาสอดเบ็นเท็น,59,70,8858711813097
PD68000206,ขาสอดเบ็นเท็น,59,70,8858711939650
PD68000207,ขาสอดDinosaur MAHNAM,75,85,8850002018228
PD68000208,ขาสอดเป็ด MAHNAM ด้ามจับ,72,85,8850002018235
PD68000209,"ขาสอดยูนิคอร์นวิ้งค์ ,ม่วง",71.25,85,8859811100865
PD68000210,ขาสอดยูนิคอร์นวิ้งค์ ชมพู,71.25,85,8859811100834
PD68000211,ขาสอดยูนิคอร์นวิ้งค์ เขียว,72,85,8859811100872
PD68000212,ขาสอดลิง,75,85,8850002018259
PD68000213,ขาสอดยีราฟ,72,85,8850002018266
PD68000214,ขาสอดรถหลังคากล่อง,105,120,8859074822962
PD68000215,ห่วงกล่องโพนี่ขาวดาว 120 cm. SY-A0555,203,245,6956373005552
PD68000217,"ห่วงกล่องยูนิคอนชมพู 120 cm.48"" SY-A0783",202.5,245,8859316314279
PD68000220,"ห่วงกล่องโพนี่เขียว 120 cm.48"" SY-A0783",202.5,245,8859316312930
PD68000221,"ห่วงกล่องโพนี่กากเพชรใสขาว 120 cm.48"" SY-A0893",198,255,8850001017031
PD68000222,"ห่วงกล่องยูนิคอร์นกากเพชรขาว 120 cm.48"" SY-A0892",198,255,8850001017048
PD68000223,"ห่วงกล่องฟลามิงโก้ 120 cm.48"" SY-A0382",161.9332989,245,6956373003824
PD68000224,"ห่วงกล่องเป็ด 120 cm.48"" SY-A0766",148.5,270,6956373007662
PD68000225,"ห่วงกล่องนกเงือก 120 cm.48""",150,255,8850001017079
PD68000226,"ห่วงกล่องหางนางเงือก 120 cm.48"" SY-A0909",180,220,8850001017086
PD68000227,"ห่วงกล่องปีกนางฟ้า 120 cm.48"" SY-A0781",198,230,6956373007815
PD68000228,"เป็ดถุง 120 cm.48""",123.5,245,8859811110598
PD68000229,"ห่วงกล่องยูนิคอร์นขาวดาว 90 cm.36"" SY-A0716",112.4536798,135,6956373007167
PD68000230,"ห่วงกล่องยูนิคอร์นมีหาง 90 cm.36""",122,135,8850004016017
PD68000231,"ห่วงกล่องยูนิคอร์นมีหาง 90 cm.36"" SY-A2048",122,135,6956373020487
PD68000232,"ห่วงกล่องฟลามิงโก้ 90 cm.36"" SY-A0715",107.9555326,135,6956373007150
PD68000233,"ห่วงกล่องโพนี่กลิตเตอร์ชมพู 90 cm.36""",117,145,6956373021071
PD68000235,"ห่วงกล่องโพนี่เหลือง 90 cm.36"" SY-A0782",112.5,135,8859316313135
PD68000236,"ห่วงกล่องปีกนางฟ้า 90 cm.36""",153,175,8850004016055
PD68000237,"ห่วงกล่องหางนางเงือก 90 cm.36"" SY-A0908",112.5,140,8850004016062
PD68000238,"ห่วงกล่องRainbow 90 cm.36""",90,110,6956373007440
PD68000239,"เป็ดถุง 90 cm.36""",85.5,120,8859811110581
PD68000240,ปลอกแขนส้มใหญ่ (ถุง),22.5,28,6956373011065
PD68000241,ปลอกแขนลายการ์ตูน (ถุง),22.5,30,6956373007761
PD68000249,ปลอกแขนเด็กเล็ก (ถุง),16,20,18850007015031
PD68000250,ปลอกแขนลายเด็กผู้หญิง/เด็กผู้ชาย (ถุง),16,20,6942138911909
PD68000252,ปลอกแขนลายโลมา/เพนกวิน,16,20,6942138949681
PD68000253,ปลอกแขนกล่องสไปเดอร์แมน,36.33914729,55,8856641019671
PD68000254,ปลอกแขนกล่องสไปเดอร์แมน,50,55,8859074828629
PD68000255,ปลอกแขนเบ็นเท็นเด็ก,28.75,55,8859074816312
PD68000256,ปลอกแขนเบ็นเท็นเด็กโต,28.75,55,8859074824737
PD68000257,ปลอกแขนสนูปี้,45,55,8859074821682
PD68000258,ปลอกแขน DORY,28.75,55,8859074814639
PD68000259,ปลอกแขนอเวนเจอร์ส,45,55,8859074826472
PD68000260,ปลอกแขนคิตตี้,45,55,8858740461726
PD68000261,ปลอกแขนเอลซ่า,36.33914729,55,8859074825819
PD68000262,ปลอกแขนเจ้าหญิง,50,55,8859074821279
PD68000263,ปลอกแขนมินเนี่ยน,45,55,8859074829176
PD68000264,ปลอกแขน PAW,28.75,55,8859074821347
PD68000265,ปลอกแขน LOL,28.75,55,8859074826762
PD68000266,ปลอกแขน PJ MASKS,28.75,55,8859074822054
PD68000267,ปลอกแขน PLANES,45,55,8859074802278
PD68000268,ปลอกแขนสไปเดอร์แมน 3D,47.5,60,8859074825659
PD68000269,ปลอกแขนเบ็นเท็น 3D,47.5,60,8859074825703
PD68000270,ปลอกแขนเจ้าหญิง 3D,47.5,60,8859074825642
PD68000271,ห่วงหัวหงส์คู่ 70 cm.,76.5,90,8850001013033
PD68000272,ห่วงหัวฟลามิงโก้ 70 cm.,76.5,90,8850001013040
PD68000273,ห่วงหัวโพนี่ชมพูกากเพชรมีหาง 70 cm. SY-A0795,72,90,6956373007952
PD68000274,ห่วงหัวโพนี่เขียว ชมพู ลายวงกลม 70 cm. SY-A2000,72,90,6956373020005
PD68000275,ห่วงหัวโพนี่ใส หัวฟ้า 70 cm. SY-A2001,72,90,6912332620013
PD68000276,ห่วงหัวโพนี่ใส หัวฟ้า 70 cm.,72,90,6956373020012
PD68000277,ห่วงหัวโพนี่ชมพูไม่มีหาง 70 cm.,76.5,90,8850001013088
PD68000278,ห่วงหัวเป็ดชมพู เขียว 70 cm.,76.5,90,8850001013095
PD68000279,ห่วงหัวเป็ดเหลืองวิ้ง 70 cm. SY-A2117,67.5,90,6956373021170
PD68000280,ห่วงหัวโพนี่เขียว 70 cm. SY-A0957,72,90,6956373009574
PD68000281,ห่วงหัวยูนิคอร์นกลิตเตอร์ ปกชมพูฟ้า 70 cm.,76.5,90,8850001013125
PD68000282,ห่วงหัวโพนี่ขาว-ใส 70 cm. SY-A0839,76.5,90,6956373008393
PD68000283,"ห่วงกล่องสไปเดอร์แมน 30""",60.6825,90,8859074820623
PD68000284,"ห่วงกล่องมินนี่เมาส์ 30""",75,90,8859074814691
PD68000285,"ห่วงกล่องเบ็นเท็นเด็ก 30""",50,90,8859074816367
PD68000286,"ห่วงกล่องเบ็นเท็นเด็กโต 30""",50,90,8859074824751
PD68000287,"ห่วงกล่องเจ้าหญิงสโนไวท์ 30""",74.25,90,8856641017349
PD68000288,"ห่วงกล่องเอลซ่า 30""",75,90,8859074814684
PD68000289,"ห่วงกล่อง PEPPA PIG 30""",50,90,8859074821903
PD68000290,"ห่วงกล่อง PAW 30""",50,90,8859074821408
PD68000291,"ห่วงชบาด้ามจับ ม่วง 120 cm.48""",91,135,8859811111021
PD68000292,"ห่วงชบาด้ามจับ ฟ้า 120 cm.48""",91,135,8859811111045
PD68000293,"ห่วงนาวีด้ามจับ แดง 107 cm.48""",90.25,135,8859811111304
PD68000294,"ห่วงนาวีด้ามจับ น้ำเงิน 107 cm.48""",90.25,135,8859811111311
PD68000295,"ห่วงฮิปโป ม่วง 120 cm.48""",90.25,135,8859811111182
PD68000296,"ห่วงฮิปโป ชมพู 120 cm.48""",90.25,135,8859811111151
PD68000297,ห่วงฮิปโป เขียว 120 cm.,90.25,135,8859811111175
PD68000298,"ห่วงฮิปโป ขาว 120 cm.48""",90.25,135,8859811111168
PD68000299,"ห่วงชบาด้ามจับ เขียว 120 cm.48""",91,135,8859811111014
PD68000300,"ห่วงนาวีด้ามจับ เขียว 107 cm.48""",90.25,135,8859811111328
PD68000301,"ห่วงโดนัท Mahnam ช็อก 120 cm.48""",100,135,8859811111892
PD68000302,"ห่วงโดนัท Mahnam แดง 120 cm.48""",100,135,8859811111885
PD68000303,"ห่วงโดนัท Mahnam ชมพู 120 cm.48""",100,135,8859811111908
PD68000304,"ห่วงโดนัท Mahnam ฟ้า 120 cm.48""",100,135,8859811111915
PD68000305,"ห่วงลายเงือก 60cm 24""",28.5,35,8859811100698
PD68000306,"ห่วงส้ม 60 cm 24""",28.5,35,8859811100728
PD68000307,"ห่วงยางลายนางฟ้า 57cm 24""",28.5,35,8859811100681
PD68000308,"ห่วงรุ้ง 60cm 24""",28.5,35,8859811100674
PD68000309,"ห่วงอมยิ้ม 57 cm 24""",29,35,8859811100704
PD68000310,"ห่วงถูกFelicia 60cm 24""",17,20,8857121530341
PD68000311,"ห่วงถูกHappy Duck 60cm 24""",17,20,8857121524104
PD68000312,"ห่วงถูกDargonball 60cm 24""",17,20,8857121524227
PD68000313,"ห่วงถูกPrincess 60cm 24""",17,20,8857121524364
PD68000314,"ห่วงสตรอว์เบอรี 60cm 24""",16,20,8859811112028
PD68000316,"ห่วงโดนัท 60cm 24""",34.2,45,8850002002012
PD68000317,"ห่วงเรนโบว์วิ้งๆ ด้ามจับ 60 cm. 24"" SY-A0921",46.8,55,6956373009215
PD68000318,"ห่วงเกลียวรุ้ง 70 cm.28"" SY-A0802",43,65,6956373008027
PD68000319,"ห่วงเรนโบว์วิ้งๆ ด้ามจับ 70 cm.28"" SY-A0922",54,65,6956373009222
PD68000320,"ห่วงสายรุ้ง+กลิตเตอร์ด้ามจับ 70 cm.28""",54,65,6956373020159
PD68000321,"ห่วงแตงโม 80 cm.30""",40,55,8859811111861
PD68000322,"ห่วงมัดย้อมด้ามจับ 67 cm. 30""",42.75,55,8859811110628
PD68000323,"ห่วงเป็ดด้ามจับ 70 cm. 30""",42.75,55,8859811100841
PD68000325,"ห่วงไดโนเสาร์ด้ามจับ 80 cm.30""",42.75,55,8859811110345
PD68000326,"ห่วงนางเงือกด้ามจับ 80 cm.32""",42.75,55,8859811110338
PD68000327,"ห่วงทะเลด้ามจับ 80 cm.32""",43,55,8859811110321
PD68000328,"ห่วงเกลียวรุ้ง 80 cm.32"" SY-A0803",55,75,6956373008034
PD68000329,"ห่วงเรนโบว์วิ้งๆด้ามจับ 80 cm.32"" SY-A0923",61.2,75,6956373009239
PD68000330,"ห่วงฮิปโป ม่วง 80 cm.32""",42.75,55,8859811111106
PD68000331,Bingo 9023,38.3333,55,8851631090234
PD68000332,ห่วงแตงโม 24 นิ้ว 60 cm. SY-A2128,34.18591865,45,6956373020289
PD68000333,"ห่วงฮิปโป ชมพู 80 cm.32""",42.75,55,8859811111076
PD68000334,"ห่วงฮิปโป เขียว 80 cm.32""",42.75,55,8859811111090
PD68000335,"ห่วงฮิปโป ขาว 80 cm.32""",42.75,55,8859811111083
PD68000336,"ห่วงชบาด้ามจับ ชมพู 30""",42.75,60,8859811110956
PD68000337,"ห่วงชบาด้ามจับ ม่วง 30""",42.75,60,8859811110949
PD68000338,"ห่วงชบาด้ามจับ ฟ้า 30""",42.75,60,8859811110963
PD68000339,"ห่วงชบาด้ามจับ เขียว 30""",42.75,60,8859811110932
PD68000340,"ห่วงนาวีจับ แดง 30""",42.75,60,8859811111335
PD68000341,ห่วงนาวีด้ามจับ น้ำเงิน 30 นิ้ว,42.75,60,8859811111342
PD68000342,"ห่วงนาวีด้ามจับ เขียว 30""",42.75,60,8859811111359
PD68000343,"ห่วงโดนัท Mahnam ช็อก 30""",40,55,8859811110703
PD68000344,"ห่วงโดนัท Mahnam แดง 30""",40,55,8859811110697
PD68000346,"ห่วงโดนัท Mahnam ชมพู 30""",40,55,8859811110727
PD68000347,"ห่วงโดนัท Mahnam ฟ้า 30""",40,55,8859811110710
PD68000348,"ห่วงแฟนซีกลิตเตอร์ 30""",62,75,8859811111878
PD68000349,"ห่วง 2 ชั้น ฟ้า cupCake 30""",47.5,60,8859811110475
PD68000350,"ห่วง 2 ชั้น ฟ้า ไดโนเสาร์ 30""",47.5,60,8859811115050
PD68000351,"ห่วง 2 ชั้น เหลือง cupCake 30""",47.5,60,8859811110482
PD68000352,"ห่วง 2 ชั้น เหลือง 30""",47.5,60,8859811110567
PD68000353,"ห่วง 2 ชั้น ชมพู 30""",47.5,60,
PD68000354,"ห่วง 2 ชั้น ชมพู 30""",47.5,60,8859811110529
PD68000355,"ห่วง 2 ชั้น ชมพู ไดโนเสาร์ 30""",47.5,60,8859811110536
PD68000356,"ห่วง 2 ชั้น เขียว ไดโนเสาร์ 30""",47.5,60,8859811110499
PD68000358,"ห่วง welcome  36"" SY-A2049",63,75,6956373120491
PD68000359,"ห่วงคัลเลอร์ฟูล 36"" SY-A2133",62.97406067,90,6956379021334
PD68000361,"ห่วงสายรุ้ง+กลิตเตอร์ด้ามจับ 90 cm 36""",72,85,6956373020166
PD68000362,"ห่วงเรนโบว์วิ้งๆ ด้ามจับ 90 cm 36"" SY-A0925",70.2,85,6956373009253
PD68000363,"ห่วงเกลียวรุ้ง 90 cm 36"" SY-A0805",62,85,6956373008058
PD68000364,"ห่วง 2 ชั้น 90 cm 36""",54,70,6956373007907
PD68000365,"ห่วง 2 ชั้น 90 cm 36""",54,70,6956373002513
PD68000366,"ห่วงมัดย้อมด้ามจับ 82 cm 36""",80.75,100,8859811110635
PD68000367,"ห่วงแตงโม 90 cm 36""",72,85,8859811100773
PD68000368,"ห่วงเป็ดด้ามจับ 85 cm 36""",67.5,85,8859811100919
PD68000369,"ห่วงนางเงือก 91 cm 36""",71.25,85,8859811100759
PD68000370,"ห่วงอมยิ้ม | ส้ม | สายรุ้ง 90 cm 36""",71.25,85,8859811100063
PD68000371,"ห่วงถูกคละแบบ 90 cm 36""",40,50,8850002005259
PD68000372,"ห่วงถูกคละแบบ 90 cm 36""",40,50,8859811110772
PD68000373,"ห่วงโดนัท คละสี SAINTEVE 90 cm 36""",55.8,75,6956373108598
PD68000374,"ห่วงโดนัท คละสี SAINTEVE 90 cm 36""",56,75,6956373008607
PD68000375,"ห่วงโดนัท คละสี  SAINTEVE 120 cm 48""",117,135,6956373008591
PD68000376,"ห่วงฮิปโป ม่วง 90 cm 36""",81,100,8859811111144
PD68000377,"ห่วงฮิปโป ชมพู 90 cm 36""",81,100,8859811111113
PD68000378,"ห่วงฮิปโป เขียว 90 cm 36""",81,100,8859811111137
PD68000379,"ห่วงฮิปโป ขาว 90 cm 36""",81,100,8859811111588
PD68000380,"ห่วงชบาด้ามจับ ม่วง 90 cm 36""",81,100,8859811110987
PD68000382,แพปลาวาฬฟ้า,0,200,ST00004
PD68000385,แพที่นอนใสมีพนัก Intex,0,350,ST00007
PD68000386,แพที่นอนฟ้ามีพนัก Intex,0,350,ST00008
PD68000387,แพกล้วยหอม,0,220,ST00009
PD68000388,แพสไปฯแดง,0,250,ST00010
PD68000389,แพที่นอนมีพนักฟ้า-ขาว Bestway,0,250,ST00011
PD68000390,ขาสอดยูนิคอร์น Baby Boat 70 cm. SY-A0775,54,70,6956373007754
PD68000391,ขาสอดยูนิคอร์น Baby Boat 70 cm. SY-A0775,54,70,6956373107751
PD68000392,ค่าส่ง,0,0,ST00012
PD68000393,แพ potato chips Intex,540,599,6941057408613
PD68000394,แพหอยเชลล์ OM,255,370,8859074818279
PD68000395,ขาสอดเด็กปืนฉีดน้ำ,100,190,8858711961194
PD68000396,แพวัวกระทิง,220,350,8859074821262
PD68000397,แพหอยมุก Bestway,940,1000,6942138985191
PD68000398,แพเต่าลายดอก Intex,410,470,6941057402994
PD68000399,แพยีราฟเหลือง OM,220,350,8859074821255
PD68000400,แพหลุม,170.9295932,220,6956373020104
PD68000401,รอกว่าว,20,20,ST00015
PD68000402,รถดั้ม+ตักทรายล้อโต,44,30,8851631053147
PD68000403,ขาสอดย้อยกลมลายหมี,71.97035505,85,6956373203811
PD68000405,ดาบดำ,35,40,8859472401073
PD68000406,ดาบขาว,35,40,825961732308
PD68000407,"บอร์ดแข็ง 17""",54,65,8859316333621
PD68000408,"ห่วงกล่องเอลซ่า 22""",52,60,8859074810006
PD68000409,แพพนักพิงฟ้า ขาว,225,250,ST00016
PD68000410,แพหอยมุข Big Splash,900,1000,ST00017
PD68000411,แพโลมาดำ Bestway,235,280,ST00019
PD68000412,แพ เจ็ทสกี,215,250,ST00020
PD68000413,แพนกเงือก,200,230,ST00021
PD68000414,แพตาข่ายฟ้า ขาว กลม Bestway,275,310,ST00022
PD68000415,แพเรือส้ม,0,590,ST00024
PD68000416,แพยูนิคอน Splash and play,0,490,ST00025
PD68000418,แพนกยูง Peacock,0,490,ST00027
PD68000419,แพที่นอนมีพนักฟ้า-ขาว Bestway,225,250,6942138944150
PD68000420,แพที่นอนใส/ฟ้า มีพนัก Intex,315,350,6941057408903
PD68000421,แพเต่าเด็ก Bestway,290,390,6942138924046
PD68000422,แพสไปฯแดง,225,250,6942138952025
PD68000423,แพปลาโลมา ใสฟ้า Bestway,175,200,8859074823044
PD68000424,แพกล้วยหอม,190,220,8859748203950
PD68000425,"ห่วงกล่องเอลซ่าโอราฟ 24""",54,65,8859074821552
PD68000426,บอลพวงสี 7cm. 25 ลูก,45,55,ST00074
PD68000427,"ห่วงกล่อง LOL 30""",74.25,90,8859074826816
PD68000428,"ห่วงกล่อง CARS 30""",74.25,90,8859074802575
PD68000429,"ห่วงกล่อง PJ MASKS 30""",50,90,8859074822115
PD68000430,"ห่วงกล่องพาวเวอร์พัฟฟ์เกิลส์ 30""",50,90,8859074816183
PD68000431,"ห่วงกล่องเป็ด 30""",74.25,90,8859074823938
PD68000432,"ห่วงกล่องทิงเกอร์เบลล์ 30""",74.25,90,8856641007241
PD68000433,"ห่วงกล่องสไปเดอร์แมน 24""",54,65,8856641002031
PD68000434,"ห่วงกล่องมินนี่เมาส์ 24""",54,65,8859074809512
PD68000435,"ห่วงกล่องมิกกี้เมาส์ 24""",54,65,8856641027058
PD68000436,"ห่วงกล่องสนูปี้ 24""",54,65,8859074821736
PD68000437,"ห่วงกล่องเจ้าหญิง 24""",54,65,8859074821323
PD68000438,"ห่วงกล่องเอลซ่า 24""",54,65,8859074810013
PD68000439,"ห่วงกล่องเจ้าหญิง PET 24""",54,65,8859074814943
PD68000440,"ห่วงกล่องพาวเวอร์พัฟฟ์เกิลส์ 24""",54,65,8859074816176
PD68000441,"ห่วงกล่อง LOL 24""",35,65,8859074826809
PD68000442,"ห่วงกล่องนีโม 24""",54,65,8856641026990
PD68000443,"ห่วงกล่อง PEPPA PIG 24""",54,65,8859074821897
PD68000444,"ห่วงกล่อง CARS 24""",54,65,8856641009269
PD68000445,"ห่วงกล่อง PJ MASKS 24""",54,65,8859074822108
PD68000446,"ห่วงกล่อง PLANES 24""",54,65,8859074802018
PD68000447,"ห่วงชบาด้ามจับ ฟ้า 90 cm 36""",81,100,8859811111007
PD68000448,"ห่วงชบาด้ามจับ เขียว 90 cm 36""",81,100,8859811110970
PD68000449,"ห่วงนาวีด้ามจับ แดง 82 cm 36""",80.75,100,8859811111366
PD68000450,"ห่วงนาวีด้ามจับ น้ำเงิน 82 cm 36""",80.75,100,8859811111373
PD68000451,"ห่วงนาวีด้ามจับ เขียว 82 cm 36""",80.75,100,8859811111380
PD68000452,"โดนัทหัวใจ MAHNAM 90 cm 36""",55.8,75,8850002005167
PD68000453,แพห่วง (ถุง),150,180,6956373022450
PD68000454,แพ โลมาใส ชมพู,120,170,8859811100957
PD68000455,แพ โลมาใส ฟ้า,108,170,8859811100940
PD68000456,"ขาสอดเครื่องบิน 36""",130,190,8859811111632
PD68000457,"ขาสอดเครื่องบิน 36"" ฟ้า",130,190,8859811100964
PD68000458,ตุ๊กตาล้มลุกมังกร,95,120,8850001023438
PD68000459,ตุ๊กตาล้มลุก นักมวย,88.445,120,8859811110055
PD68000460,ตุ๊กตาล้มลุก โลมา,95,120,8859811110079
PD68000461,เครื่องสูบลมไฟฟ้า LOMA,60,95,8851059138846
PD68000462,เครื่องสูบลมมือ ใหญ่ Best way,120,160,6942138917925
PD68000463,เครื่องสูบลมมือ เล็ก Double quick,68,90,6941057466125
PD68000464,"ขาสอดเป็ด MAHNAM 36"" ไม่มีด้ามจับ",61.75,75,8859811101053
PD68000468,บอลพวงแคนดี้ 7 cm. 25 ลูก,48,57,ST00075
PD68000469,แพปลานีโม sainteve,175.5,200,6956373050293
PD68000471,บอร์ดสีพื้น,55,75,6910102401091
PD68000472,ไส้โป่ง+ก้าน,49,55,ST00028
PD68000473,บอลรุ้งมะพร้าวหนา,50,70,ST00029
PD68000474,แพฟลามิงโก้ Mega (Intex),900,1100,6941057417370
PD68000475,ชูชีพเป่าลมปลา M,45,55,6956373009000
PD68000477,แพเต่า Happy SY-A2191,300,330,6956373021910
PD68000479,ห่วงชบาด้ามจับ ชมพู 90 cm. 36นิ้ว,81,100,8859811110994
PD68000480,"ห่วงแฟนซีกลิตเตอร์ 36""",61.75,85,ST00031
PD68000481,"ห่วงกล่องมินนี่เม้าส์ 22""",0,60,8859074823549
PD68000483,แพไอติมแท่ง Bestway,0,265,ST00033
PD68000485,แพฟลามิงโก้ OM,0,520,ST00035
PD68000486,แพยูนิคอร์น OM,0,490,ST00036
PD68000488,"ขาสอดเต่า 28"" SY-A1171",54,70,6956373011713
PD68000490,ห่วงยางดอกชบามือจับ 110 cm.sainteve,90,125,6956373021798
PD68000491,ห่วงกล่องโพนี่ขาว 120 cm.SY-A0690,190,245,8859316312961
PD68000492,แพแมวน้ำ Bestway,350,390,6941607312223
PD68000493,แพสนูปี้,210,250,8859074823457
PD68000494,"ห่วงยางลายSun beach 100cm. 39""",99,125,6956373011386
PD68000495,ขาสอดเป็ด sainteve SY-A0771 95x75cm,99,110,6956373007716
PD68000496,แพตาข่ายถุง,150,180,8857121575113
PD68000497,"ห่วงกล่องเป็ด steve 90cm 36"" SY-A0765",98.9592382,135,6956373007655
PD68000498,ปลอกแขนกล่องTiger pooh,45,55,8856641028147
PD68000499,"ห่วงกล่อง Dory We swim 22""",51.75,60,8859074814660
PD68000500,"ห่วงกล่อง Dory Blue Friend 22""",51.75,60,8859074814677
PD68000501,"ห่วงกล่อง สไปเดอร์แมน 20""",45,55,8856641001997
PD68000502,"ห่วงกล่อง สไปเดอร์แมน 20""",45,55,8859074828643
PD68000503,"ห่วงกล่อง โดเรม่อน 20""",45,55,8859074801516
PD68000504,"ห่วงกล่อง โดเรม่อน 20""",45,55,8858740488846
PD68000505,"ห่วงกล่อง power puff girl 20""",44,55,8859074816152
PD68000506,"ห่วงกล่องมิกกี้เม้า 20""",45,55,8859074820227
PD68000507,"ห่วงกล่อง lol 20""",45,55,8859074826786
PD68000508,"ห่วงกล่อง Smart Princesses 20""",45,55,8859074809628
PD68000509,แพสุนัขกูฟฟี่ Bestway,250,270,ST00041
PD68000510,แพสายรุ้ง,240,280,8859811111069
PD68000511,แว่น 20. ลัง,432,530,6913516417221
PD68000513,ห่วงกล่องฟลามิงโก้ วิ้งๆ 90 cm. SY-A2207,117,145,6956373022078
PD68000514,แพยูนิคอร์น MAHNAM,180,250,8859811100209
PD68000515,แพเต่าเด็ก sainteve SY-0347,270,330,6956373003473
PD68000516,แว่นกล่องเด็ก sainteve SY-5039,76.5,90,6956373090657
PD68000517,แว่นตาว่ายน้ำเด็กคละสี SY-5600 กล่อง,53.97776629,65,6956373095607
PD68000518,แว่นตาว่ายน้ำ SY-6045 น้ำเงินเหลี่ยม,67.5,90,6956373091395
PD68000520,แว่นตาว่ายน้ำเด็ก SY-5041 เขียวเหลี่ยม,76.5,90,6956373091418
PD68000521,แว่นตาว่ายน้ำผู้ใหญ่ dry super 8016,76.99158107,100,8859316315146
PD68000522,แพโลมาแฟนซี Intex,210,250,6941057455358
PD68000523,เรือเป็ดเด็กมีเสียง Bestway,150,190,6941607312414
PD68000524,แพเป็ดเด็ก Bestway,200,260,8859074830448
PD68000525,แพฟลามิงโก้เด็ก Bestway,210,270,6942138925944
PD68000526,หมวกว่ายน้ำ,0,20,8857121579357
PD68000527,"ห่วงกล่องเบ็นเท็น 18""",40,50,8859074816329
PD68000528,"ห่วงกล่องสไปเดอร์แมน 18""",40,50,8859074820616
PD68000529,"ห่วงกล่องมินนี่เม้าส์ 18""",40,50,8859074809482
PD68000530,"ห่วงกล่องเอลซ่า 18""",40,50,8859074825987
PD68000531,"ห่วงกล่องสนูปี้ 18""",35,50,8859074821705
PD68000532,"ห่วงกล่องเจ้าหญิง 18""",40,50,8859074821293
PD68000533,"ห่วงกล่องเจ้าหญิง PET 18""",40,50,8859074810167
PD68000534,"ห่วงกล่องเป็ดบีดั๊ก 18""",40,50,8859074823952
PD68000535,"ห่วงกล่องเอลซ่า 20""",45,55,8859074825994
PD68000536,"ห่วงกล่องเอลซ่า 20""",45,55,8859074809994
PD68000537,"ห่วงกล่องมินนี่เม้าส์ 20""",45,55,8859074809499
PD68000538,"ห่วงกล่องเจ้าหญิงแอเรียล/เบล 20""",45,55,8856641017325
PD68000541,ปราสาทเหลี่ยมพาสเทล,45,60,758226698
PD68000542,ไก่โอ๊กเล็ก,13,17,1988321403627
PD68000544,แพสับปะรด Sainteve SY-A0546,333,390,6956373005460
PD68000545,แพตาข่ายกล่อง sainteve,180,230,6956373007327
PD68000546,บอลกริตเตอร์ 3D,0,55,8859811100056
PD68000547,เบาะนอน Intex,380,420,6941057467580
PD68000549,ห่วงแตงโม Mahnam 60 cm.,29,35,8859811100711
PD68000550,สูบลม,0,2,ST00043
PD68000551,แว่นกล่อง Dry super #3110,44.98567018,55,8859316333584
PD68000552,แว่นซองซิปเด็ก,31.5008,35,8859316333591
PD68000554,ขาสอดเป็ดเล็ก SY-A0660,46.8,57,6956373006603
PD68000555,ห่วงถูกคละแบบ 70 cm.,35,45,ST00045
PD68000556,ที่อุดจมูก ยกโหล,162,230,6956373095027
PD68000557,ขาสอดย้อยกลม ลายยูนิคอร์น/กระต่าย,72,85,6956373020388
PD68000558,ขาสอดย้อยกลม สีน้ำเงินหมี,73,85,6956373120385
PD68000559,เบย์เบลด BEYBLADE X,60,65,4904811210183
PD68000563,ปืน M134-GATLING GUNS,145,165,1988321909259
PD68000564,ปืน 1078 GUARDIAN,70,85,6903606421290
PD68000565,ปืน 1058 SPECIA FORCE,85,95,6903516418991
PD68000566,ปืน FORZA WAR,80,95,6903606421245
PD68000567,ปืน 850-1 DOUBLE-BARREL,65,80,6903516415440
PD68000568,ปืน 1018 RWSCUERS,65,80,6903606424192
PD68000569,ปืน 848 FIHTING,70,85,6903516412548
PD68000570,ปืน SPACE GUN,65,85,6903516413057
PD68000571,ปืน 820-8A Simulation Mossberg 500,65,95,ST00046
PD68000572,ปืน AK-828,100,115,ST00047
PD68000573,เกมถังโจรสลัด,55,65,515119419
PD68000574,รถ 4 คันถุง GARBAGE TRUCK,85,95,201068380022
PD68000575,รถ 4 คันถุง FIRE RESCUE,85,95,201067380030
PD68000576,ถล่มตึก Block,0,70,ST00049
PD68000577,ปลอกแขนเด็กเล็ก (ถุง),16,20,8850007015031
PD68000578,รถ 4 คันถุง FIRE Truck,70,80,8859472402537
PD68000579,รถ 4 คันถุง FARM Truck,70,80,8859472402490
PD68000580,ห่วง 2 ชั้น คริสตัล คละสี 70 cm.,41,50,6956373021552
PD68000581,ขาสอดหางปลาวาฬ,54,70,6956373021262
PD68000582,ห่วงหัวโพนี่เนื้อใสเรนโบว์ 70cm SY-A2100,67.5,90,6956373021002
PD68000583,แป้นบาสเก็ตบอลลอยน้ำ,125,150,6941057402222
PD68000584,ห่วงหัวโพนี่วิ้งๆลายหัวใจ 70cm SY-A2099,67.5,90,6956373020999
PD68000585,แพหลุมกลิตเตอร์+หมอน เหลือง SY-A2240,144,190,6956373022405
PD68000586,แพหลุมกลิตเตอร์+หมอน ชมพู SY-A2240,144,190,6956373122402
PD68000587,ขาสอดสิงโต SY-A0350,54,70,8859316312862
PD68000588,ห่วงการ์ตูนยีราฟ 70 cm. SY-A2022,45,60,6956373020227
PD68000589,ห่วงการ์ตูนยีราฟ 60 cm. SY-A2021,36,45,6956373020210
PD68000590,ห่าวแคนดี้-แฟนซี 90 cm. SY-A0736,68,85,6956373007365
PD68000591,ห่าวแคนดี้-แฟนซี 80cm. SY-A0735,60,75,6956373007358
PD68000592,แพหอยมุก Big splash,900,1100,8858793091871
PD68000593,สน็อกเกิ้ลDANYONG,61,75,8858599031576
PD68000594,ของเล่นใต้น้ำ สาหร่าย intex,78,100,6941057455037
PD68000595,ไก่โอ๊กใหญ่,30,45,6903606427377
PD68000596,สาหร่าย ของเล่นใต้น้ำ,32,40,1872510312541
PD68000597,สาหร่าย ของเล่นใต้น้ำ,32,40,8859316312541
PD68000598,แท่งดำน้ำ 4 สี ETC-0149,54,65,8859316312534
PD68000599,ปลาหมึกหัวโต,0,60,8859316312558
PD68000600,ฉลาม ของเล่นใต้น้ำ No.12309,0,65,8859316312572
PD68000604,ปลอกแขนกล่องสไปร์ดี้,51,55,8859074829138
PD68000605,"ห่วงกล่อง TOY 24""",54,65,8859074825093
PD68000606,"ห่วงกล่องคิตตี้ 24""",54,65,8858740407472
PD68000607,"ห่วงกล่องสไปเดอร์แมน 22""",52,60,8859074814936
PD68000608,"ห่วงกล่องสไปเดอร์แมน 22""",52,60,8859074828650
PD68000609,"ห่วงกล่องเบ็นเท็นเด็ก 22""",30,60,8859074816343
PD68000610,"ห่วงกล่องเบ็นเท็นเด็กโต 22""",30,60,8859074824720
PD68000611,"ห่วงกล่องมินนี่เมาส์ 22""",51.75,60,8859074809505
PD68000612,"ห่วงกล่องเจ้าหญิง 22""",51.75,60,8859074821316
PD68000613,"ห่วงกล่องเอลซ่า 22""",52,60,8859074826007
PD68000614,"ห่วงกล่องหมีพลู 22""",30,60,8856641027089
PD68000615,"ห่วงกล่องพาวเวอร์พัฟฟ์เกิลส์ 22""",22.5,60,8859074816169
PD68000616,"ห่วงกล่องเป็ด 22""",30,60,8859074823976
PD68000617,"ห่วงกล่องนีโม 22""",51.75,60,8856641026983
PD68000618,"ห่วงกล่อง PEPPA PIG 22""",52,60,8859074821880
PD68000619,"ห่วงกล่องสนูปี้ 22""",52,60,8859074821729
PD68000620,"ห่วงมัดย้อม 110 cm.48""",90.25,135,8859811110642
PD68000621,"ห่วงส้ม 120 cm.48""",91,135,8859811100858
PD68000622,"ห่วงเป็ดด้ามจับ 100 cm.48""",95,135,8859811100926
PD68000623,"ห่วงนางฟ้า 120 cm. 48""",91,135,8859811100827
PD68000624,"ห่วงคัลเลอร์ฟูล 120 cm.48""",112.5,135,6956373121337
PD68000625,"ห่วงชบาด้ามจับ ชมพู 120 cm.48""",91,135,8859811111038
PD68000641,ถังทรายลิขสิทธิ์,60,75,8850001001221
PD68000649,พลั่วไม้สั้น,30,35,8858599031170
PD68000650,ปืนอัดลม ดำ,28,35,ST00079
PD68000651,ปลอกแขนกล่องPowerpuff Girl,22.5,55,8859074816138
PD68000652,แพหงส์ GIANT SWAN FLOAT,320,390,8859074821248
PD68000653,แพอัลปาก้า Intex,450,490,6941057417882
PD68000654,แพไอติม Fresh&Fun,0,150,9879600000014
PD68000655,แพกลม Splash Sainteve SY-A2060,324,370,8859316313210
PD68000657,ถุง,0,0,ST00054
PD68000658,บอลเป่าลมนกเพนกวิน,15,20,8859014701272
PD68000659,ห่วงกล่องRainbow 120 cm.,0,130,ST00055
PD68000662,ที่อุดจมูก ไม่มีสาย ยกโหล,108,220,ST00057
PD68000665,แพเรือ KONDOR 2000 Bestway,490,590,6942138979749
PD68000667,"ห่วงกล่องโพนี่เหลือง 120 cm. 48"" SY-A0783",220,245,8859316312831
PD68000668,ห่วงยางรูปแมว 36 นิ้ว ฟ้า,57,85,8859811100582
PD68000669,ห่วงยางรูปแมว 36 นิ้ว ชมพู,60,85,8859811100575
PD68000670,ห่วงยางลายหมี 36 นิ้ว ฟ้า,60,85,8859811100605
PD68000671,ห่วงยางลายหมี 36 นิ้ว ชมพู,57,85,8859811100599
PD68000672,ห่วงAOUA 100 cm.,100,125,6903606424628
PD68000673,ห่วงยางรูปปลาวาฬ 36 นิ้ว ฟ้า/ชมพู,57,85,8859811110277
PD68000675,"ห่วงยางส้มใส่กลิตเตอร์ 91 cm. 36""",72,85,8859811100780
PD68000676,"ห่วงยางลายนางฟ้ากลิตเตอร์ 91 cm. 36""",71.25,85,8859811100742
PD68000677,ห่วงยางสไลเดอร์ 44 นิ้ว ฟ้า,280,330,8859811120016
PD68000678,ห่วงยางสไลเดอร์ 44 นิ้ว ส้ม,280,330,8859811112011
PD68000679,ห่วงยางลายโดนัท Mahnam 36 นิ้ว คละสี,69.825,85,8859811110260
PD68000680,"ห่วงโดนัท Mahnam แดง 120 cm.48"" กล่อง",100,150,8859014750119
PD68000681,"ห่วงโดนัท Mahnam ช็อก 120 cm.48""กล่อง",100,150,ST00060
PD68000682,ขาสอดย้อยมิกกี้เม้าส์ กล่อง,75,90,8859074815957
PD68000683,บอลพวงแคนดี้ 7 cm. 100 ลูก,205,220,8851631020118
PD68000684,กระเทียม ART.NO.8300,42,48,ST00062
PD68000685,ห่วงกล่องเจ้าหญิง 20 นิ้ว,50,55,8859074821309
PD68000686,ถุงตาข่าย,0,3,ST00063
PD68000688,ข้อต่อ,10,10,ST00064
PD68000689,ห่วงอวกาศ 60cm SY-A2072,36,45,8859316313968
PD68000690,ขาสอดโพนี่วิ้งๆ ชมพูกากเพชร SY-A2250,63,75,6956373022504
PD68000691,ห่วงหวาน 36 นิ้ว 90 cm. SY-A2062,72,90,6956373020623
PD68000692,ห่วงแตงโม 100 cm. 39 นิ้ว SY-A2128,81,125,6956373021286
PD68000693,ดาบMinecraft,41.8,50,1988321941600
PD68000694,ดาบเป็ด,35,40,1988321941570
PD68000695,ห่วงสายรุ้ง+กลิตเดตอร์ 60 cm. SY-A2014,44.98147191,55,6956373020142
PD68000696,ห่วงสายรุ้ง+กลิตเตอร์ 90 cm. SY-A2016,72,85,6956373120163
PD68000697,แพเก้าอี้ SY-A0903,108,135,6956373009031
PD68000698,ห่วงโดนัทคละสี sainteve 60 cm.,34.2,45,8859316314316
PD68000699,"ห่วงถูกHappy Duck Junior 60cm 24""",17,20,8857121574963
PD68000702,"ห่วง 2 ชั้น 80 cm. 30""",48,60,6956373002506
PD68000703,ห่วงทะเลฉลาม ฟ้าเขียว 90cm. SY-A2062,72,85,8859316313586
PD68000704,ห่วงล้อรถ 90cm. SY-A2086-1,54,75,6956373020869
PD68000705,ดาวตก,42,50,8857121625283
PD68000706,ชุดถ้วยเขย่าพร้อมลูกเต๋า,12,17,8857121583729
PD68000708,ตุ๊กตาสลับหน้า,14.25,29,1988321941358
PD68000710,แพหลุม Intex,270,350,6941057408880
PD68000711,"ห่วงปลาโลมา OM 44"" กล่อง",90,135,8859074815544
PD68000712,ห่วงฟลามิงโกกลิตเตอร์ Mahnam 90 cm.,130,145,8859811100216
PD68000713,บอลชายหาด 12 นิ้ว,11,20,ST00077
PD68000714,ลูกขนไฟ ใหญ่,10,20,ST00080
PD68000716,ของเล่นกล่องคละแบบ,80,95,1988321908252
PD68000717,บอลหนังมันลิขสิทธิ์ เอลซ่า,20,35,8859074813922
PD68000719,ปลอกแขนกล่องมินนี่,36.33914729,55,8859074809529
PD68000720,ไม้พาย (คู่),120,135,ST00082
PD68000722,ไดโนเสาร์ลาน กดปล่อยวิ่ง,13,17,8868921502544
PD68000723,ปลาวาฬไขลาน กดปล่องวิ่ง,13,17,8868921502551
PD68000724,หมี ไขลาน กดวิ่งหมวกยิงได้,13,17,8854321639843
PD68000725,จรวดไขลานกดวิ่ง,13,17,8868921502506
PD68000726,บล็อคไม้ แทนแกรม (เรขาคณิต),12,18,8857121567736
PD68000727,บล็อคกระดานไม้ ตัวเลข,12,18,8857121567750
PD68000729,ชุดขุดฟอสซิล คละแบบ,12,20,8857121609429
PD68000730,ปลาปักเป้าลานกด วิ่ง,13,17,8868921502537
PD68000731,ฉลาม แบบลานกด วิ่ง,13,17,8868921502513
PD68000732,เต่า แบบลานกด วิ่ง,13,17,8868921502568
PD68000733,รถไดโนเสาร์ลาน กดปล่อย วิ่ง,13,17,8868921607188
PD68000734,ลูกขนไฟ เล็ก,9,15,ST00083
PD68000735,ปืนกระสุนบอลโฟม,13,20,8857121627416
PD68000737,พลุกระดาษ,14,20,TYBL-0496
PD68000738,ขาสอดโพนี่ SY-A0778 95*75cm.,99,110,6956373007785
PD68000739,ขาสอดฟลามิงโก้ SY-A0758 95*75cm.,99,110,6956373007587
PD68000740,บอร์ด กระดานโต้คลื่น 26 นิ้ว,135,160,8859316333669
PD68000741,บอร์ด กระดานโต้คลื่น 33 นิ้ว,153,180,8859316333676
PD68000742,บอร์ด กระดานโต้คลื่น 41 นื้ว,189,230,8859316333683
PD68000743,ห่วงคาดเอว C-โพนี่ชมพู SY-A0873,63,80,8859316313821
PD68000744,ห่วงลายผีเสื้อกริตเตอร์ 70cm SY-A2158-1,56,70,6956373121580
PD68000745,ห่วงหัวสัตว์ ยูนิคอนกริตเตอร์ 90 cm SY-A0817,108,135,ST00084
PD68000746,ห่วงหัวโพนี่ชมพูกากเพชรมีหาง 90 cm. SY-A0862,108,135,6956373008621
PD68000747,ห่วงหัวสัตว์ โพนี่ขาว 90 cm. SY-A0863,108,135,6956373008638
PD68000748,"ขาสอดแรด 73 cm. (28"") SY-E0117-L",54,70,6956373001172
PD68000749,"ลูกบอลกริตเตอร์ 18"" ฟลามิงโก้ (ถุง) 1366-3",32,40,
PD68000750,"ลูกบอลกริตเตอร์ 18"" ปู (ถุง) 1366-2",32,40,
PD68000751,"ลูกบอลกริตเตอร์ 18"" ยูนิคอร์น (ถุง) 1366-1",32,40,
PD68000752,"ห่วงกล่องโพนี่เขียว 90 cm.36"" SY-A0782",100,135,8859316312879
PD68000753,ห่วงหัวสัตว์ ยูนิคอร์นวิ้งๆ ชมพู 90 cm. SY-A2284 (กล่อง),112.5,145,6956373022849
PD68000754,ห่วงหัวสัตว์ ยูนิคอร์นวิ้งๆ ฟ้า 90 cm. SY-A2284 (กล่อง),112.5,145,8859316334512
PD68000755,ห่วงหัวสัตว์ ยูนิคอร์นวิ้งๆ ชมพู 120 cm. SY-A2285 (กล่อง),189,255,6956373022856
PD68000756,ห่วงหัวยูนิคอร์นใส กากเพชร 90 cm. SY-A0817,110,135,8859316313951
PD68000757,"ห่วงกล่องสติชส์ 24""",54,65,8859074841710
PD68000758,"ห่วงกล่องทิงเกอร์เบล 24""",54,65,8856641019466
PD68000759,ห่วงลายแตงโม 36 นิ้ว 90 cm.SYA2224-1,72,85,6956373022245
PD68000760,บอร์ดลายทะเล,65,80,8859074822122
PD68000761,"ห่วงกล่องเบ็นเท็น 24""",54,65,8859074816350
PD68000762,ห่วงลายแตงโม 38 นิ้ว 100 cm.SYA2225,85.46479662,125,6956373022252
PD68000763,ห่วงลายแตงโม 47 นิ้ว 120 cm.SYA2225,117,135,6956373122259
PD68000764,ห่วงยางเป่าลมกบ คละสี 26 นิ้ว 70 cm. SY-A0920,50,60,8859316314064
PD68000765,แพโพนี่สีขาว มีปีก 150*100 cm. SY-A0680,315,370,6956373006801
PD68000766,บอร์ดลิขสิทธิ์หญิง SJR เอลซ่า,120,140,8859074825673
PD68000767,เลโก้ถุงใหญ่,270,280,ST00093
PD68000769,เสื่อ Brand,30,50,ST00094
PD68000770,รองเท้า ADDA ขาว เบอร์ 7 52201,68,80,8851585762119
PD68000774,ปืนกระสุนโฟม soft bullet shoot game,100,115,1988321901154
PD68000775,ห่วงแตงโม 48 นิ้ว 120 cm. SY-A2128,117,135,6956373020814
PD68000777,ดาบคู่สี,70,85,8850001023353
PD68000778,ถ่าน AA แพค,5.4,10,8858711984223
PD68000779,ถ่าน AAA แพค,4,10,ST00003
PD68000780,ว่าวนก 30 cm.,30,40,8850001023445
PD68000781,ว่าวแผงอินทรี,205,230,8850001023452
PD68000782,เครื่องบินร่อน,35,40,9558102319687
PD68000784,แพฟลามิงโก้ MAHNAM,304,400,8859811111397
PD68000785,รถ 4 คันถุงดับเพลิง,80,90,1988321904766
PD68000786,รถ 4 คันถุงTruck,55,65,201103380086
PD68000787,รถ 4 คันถุง Dinosaur Truck,70,80,201074380061
PD68000788,รถ 4 คันถุง Dinosaur assembly,85,95,8850001023407
PD68000789,รถ 4 คันถุง Funny car,55,80,8859472402513
PD68000790,รถ 4 คันถุง Dinosaur World,70,80,8850001023421
PD68000794,บอลชายหาด 30 นิ้ว,20,50,ST00078
PD68000798,ห่วงหัวสัตว์ ยูนิคอร์นวิ้งๆ ฟ้า 120 cm. SY-A2285 (กล่อง),189,255,8859316334574
PD68000799,ห่วงคาดเอว C-ยูนิคอร์น SY-A0873,63,80,8859316313838
PD68000800,ห่วงคาดเอว C-เป็ดเหลือง SY-A0873,63,80,8859316313814
PD68000801,เกมเศรษฐีใหญ่,35,40,8851631090135
PD68000802,เกมซุปเปอร์เศรษฐี,37.5,40,8851631090289
PD68000804,"ไฟเย็น 7"" ซอง",3,5,M026-T3052
PD68000805,"ไฟเย็น 18"" W8818 แพ็ค12",285,320,ST00086
PD68000806,"ไฟเย็น 18"" W8818 ซอง",24,35,ST00087
PD68000807,ดินเบา No.AGZ-Z3,10,13,6903606425236
PD68000808,ว่าวแผงรุ้ง (15) (แผง),150,165,ST00088
PD68000810,บอลสโมสร เบอร์ 3,80,100,ST00090
PD68000811,ชุดเล่นทราย เล็ก,0,10,ST00091
PD68000815,ดาบฉลาม มีไฟ,40,45,8851059136613
PD68000816,กระสุนปืนอัดลม,10,20,ST00092
PD68000817,แพหลุมฟ้าขาว Bestway,420,470,6942138940398
PD68000818,"ห่วงกล่องสนูปี้ 30""",75,90,8859074821743
PD68000819,"ห่วงแตงโม 36"" 90 cm. SY-A2128",55.8,75,6956373120286
PD68000820,ขาสอดฟลามิงโก SY-A0723,54,70,6956373007235
PD68000821,แพตาข่ายลายใบไม้+กลิตเตอร์ SY-A2095,211.5,245,6956373020951
PD68000822,ห่วงปลา ของเล่นใต้น้ำ,50,80,8859316312565
PD68000823,ไม้คฑามีเสียง+ไฟ,14,20,8857121617400
PD68000824,แพแตงโม/ส้ม/กีวี่/เมล่อน Fresh&Fun,0,230,9079600000018
PD68000825,แพพริก Bestway,195,440,6941607305829
PD68000826,แพสตอเบอรี่ Fresh&Fun,150,180,9579600000013
PD68000827,แพพิซซ่า Bigsplash,770,850,ST00096
PD68000828,แพมือ OM,250,440,8859074819443
PD68000829,แพกลมสะท้อนแสง Beatway,300,390,6942138967609
PD68000830,แพชิงช้า Beatway,120,140,6942138926682
PD68000831,แพแตงโม1/2 Jilong,250,390,6920388633246
PD68000832,แพแก้วเบียร์ OM,125,260,8856641008071
PD68000833,สกุชชี่ซาลาเปา,20,25,6988436466130
PD68000835,ล้มลุกนักมวย intex,85,95,6941057402697
PD68000836,ล้มลุกโลมา/มังกร/หมี Intex,85,95,6941057446691
PD68000837,แพที่นอนฟ้า HF Hydro-Force,155,180,6942138967791
PD68000838,แพที่นอนใส ฟ้า/เทา Bestway,330,370,6942138929706
PD68000839,จานร่อน,15,20,ST00097
PD68000840,บอร์ดเป่าลมเด็ก,15,30,ST00099
PD68000841,ซองกันน้ำ,14.44843367,18,8859316300302
PD68000842,ดาบหด,10,20,1988321682824
PD68000843,ปืนฉีดน้ำ (50),225,250,6903606422037
PD68000844,แพที่นอน HF,630,690,6941607309827
PD68000845,แพห่วงคู่ฟ้าใส Bestway,185,220,6942138900170
PD68000846,แพเก้าอี้ Summer 2.01m. Best way,495,590,6942138940305
PD68000847,สระว่ายน้ำ KISUBO 155 cm,140,170,8997235610970
PD68000849,ห่วงสีพื่น 36 นิ้ว 90 cm. Bestway,40,75,6942138930689
PD68000850,ชูชีพโฟมลิขสิทธิ์,160,185,
PD68000851,ขาสอดย้อยเจ้าหญิง กล่อง,75,85,8859074815964
PD68000852,ห่วงกล่องยูนิคอร์นขาว OM 48 นิ้ว 120 cm.,170,245,8859074820418
PD68000853,ขาสอดรถดับเพลิง/รถตำรวจ,71.25,85,8859811100186
PD68000854,ล้มลุกนกฮูก 20 นิ้ว ขาว,40,60,8859811100896
PD68000855,ล้มลุกนกฮูก 20 นิ้ว เหลือง,40,60,8859811100902
PD68000856,ล้มลุกก๊อตซิล่า 20 นิ้ว ฟ้า/แดง,45,60,8859811100971
PD68000857,ล้มลุกสโนว์แมน 20 นิ้ว,45,60,ST00102
PD68000858,ล้มลุกยูนิคอร์น 20 นิ้ว ชมพู,40,60,ST00103
PD68000859,แพหัวใจ,430,470,ST00104
PD68000860,ตีนกบ Diving,100,120,6903606422518
PD68000861,ขาสอดย้อยกลม Intex,88,105,6941057455747
PD68000862,แพไอติม Bestway,245,280,6942138947489
PD68000863,แพรถถัง AIRMOOM,580,650,ST00105
PD68000864,"ที่นอนเป่าลม Intex 54""*75""*10""",350,430,ST00106
PD68000865,ลูกโป่งน้ำ (10),7.5,10,1988032125078
PD68000867,แพหลุม Intex,220,300,6941057458946
PD68000868,ชูชีพเป่าลม M,45,50,6956373050255
PD68000869,กาวแปะห่วงยาง(ชุดอุปกรณ์กันรั่ว),30,35,6926799208561
PD68000870,ทหารคลาน,50,60,679520469
PD68000871,ปืนเป่าฟองยูนิคอร์น ไม่ใส่ถ่าน,45,55,777324767
PD68000872,เรือเจ็ทสกี บังคับ,100,120,6903516417048
PD68000873,กระสอบทราย,100,120,ST00107
PD68000874,กลองชุด,300,350,8851059121893
PD68000875,สลาม,12.5,20,8857121594541
PD68000878,สน็อกเกิ้ล jia long da,60,75,520191601881
PD68000879,ปืนฉีดน้ำ (60),270,300,ST00110
PD68000881,สูบแบบขาเหยียบ,0,100,2302000003073
PD68000882,"ห่วงกล่อง CARS 22""",50,60,8859074815179
PD68000883,"ห่วงกล่อง CARS 20""",45,55,8859074802568
PD68000884,"ห่วงกล่องเบ็นเท็นเด็กโต 20""",45,55,8859074824713
PD68000885,รถเหล็ก 4 คัน,60,66,ST00112
PD68000886,รถบังคับ OFF Road Tracer,300,340,6956659801069
PD68000887,บ้านกล่องชมพู sweet house,32,40,8858711932439
PD68000888,เปียนโนม้ายูนิคอร์น,145,165,ST00115
PD68000889,ของเล่นแม่เหล็ก,43,50,8857121589523
PD68000890,ของเล่น Cashier ยีราฟ,230,260,ST00116
PD68000891,ของเล่น ครัวเล็ก,55,60,8857121528812
PD68000892,ของเล่น Bingo,70,80,954125044
PD68000893,ของเล่น บันไดเพนกวิน,65,75,668121435
PD68000894,ของเล่น ปืนยิงแบงค์,130,145,8608130003179
PD68000895,ของเล่นตัวต่อ Bubbles & Blocks,0,95,ST00117
PD68000896,ค้อนเป่าลม,24,28,ST00118
PD68000897,แพแตงโม Sainteve SY-A0547,333,390,6956373005477
PD68000898,ห่วงsportcool+มือจับ 48 นิ้ว120 cm.,112.5,135,6956373022375
PD68000899,ห่วงsportcool+มือจับ 36 นิ้ว92 cm.,73.8,90,6956373222379
PD68000900,แพหลุมลายใบไม้ฟ้า SY-A2241,139.5,190,6956373022412
PD68000966,กังหันกลม,50,55,
PD68000967,กังหันคละแบบ,50,60,
PD68000968,เป่าฟองใหญ่ ธรรมดา,22.5,30,
PD68000969,ว่าวร่วงใหญ่,60,70,
PD68000970,ว่าวร่วงกลาง,35,45,
PD68000971,เป่าฟองกลาง,7,10,
PD68000972,ว่าวเหลี่ยม,28,38,
PD68000973,ว่าวนก 35 cm,30,40,
PD68000974,ว่าวนก 40 cm,35,43,
PD68000975,ชูชีพโฟม No.5,115,140,
PD68000976,"ห่วงยางกล่องปีกนางฟ้า SY-A0780 36"" 90cm.",153,175,6956373007808
PD68000977,แพหัวใจ #58727EU INTEX,430,470,6941057425825
PD68000978,แพอัลปาก้า Mega #57294EU INTEX,900,1100,6941057417899
PD68000979,พลุ 30 นัด (แพค),115,145,
PD68000980,โป่งไฟ,10,13,
1988321405768,บอล ZJ 40576,15,20,1988321405768
PD68000981,ที่คาดผมไฟ (คริสมาสต์/โบว์),12,20,
8859811100070,สระว่ายน้ำ 2M. mahnam,270,300,
8859811110918,สระว่ายน้ำ2.05M.ฮิปโป mahnam,320,350,
PD68000982,สระว่ายน้ำ 2.05M.สวนสัตว์ mahnam,320,350,
PD68000983,สระน้ำ 1.2M mahnam ทะเล,140,160,
PD68000984,เสื่อสานเล็ก 90x180,53,65,
PD68000985,เสื่อสานใหญ่ 130x180,62,75,
PD68000986,เป่าฟอง เป็ดมีเสียง,18,25,
GE10917,บอลพวงสี 6cm. 100 ลูก  GE10917,155,180,8851059143611
GV113,สน็อกเกิ้ล Yajie GV113,155,175,8858599032078
WM0858F,ฮีโร่เต้น IRON MAN Dance Hero GV,95,120,8858599032382
2011-3/165161,หุ่นยนต์แปลงร่าง,35,42,8858599025247
PD68000987,บอลพวงสี 6cm. 25ลูก,38.75,48,
PD68000988,แมว/เสือ ดุ๊กดิ๊ก,49,55,
PD68000989,พลั่วพลาสติกยาว,25,30,6903516418793
PD68000990,ปิงปองชายหาด Beach Ball,53.97776629,65,8859316323714
SY-A0288,แพเต่าใหญ่ SY-A0288,351,440,6956373002889
SY-A0764,แพวาฬสีดำ SY-A0764,288,350,6956373007648
PD68000991,วอลเลย์บอล ขาว น้ำเงิน,81,105,8859316334529
ZWS-EA001,เครื่องสูบลมไฟฟ้า ZT,75,95,8857121577209
PD68000992,สไปเดอร์แมน ขี่มอไซ,70,85,
506,น้ำยาเป่าฟอง 240ml. MG,12.5,15,8859472409789
TF-01018,ห่วงยางลายการ์ตูน คละลาย 60cm.,30,45,6910102400483
1502-6,ห่วงยางฟลามิงโก้ใสกากเพชร 60cm.,35,45,
2088-23,ปืนเป่าฟอง ปลา ไม่ใส่ถ่าน,45,55,206622177
MK-2628,เป่าฟองใหญ่ Micky,27,30,8858740426282
SY-A0692,"ห่วงกล่องโพนี่ชมพู 120 cm.48"" SY-A0692",220,245,
PA-0284,ที่คาดผมมีไฟ (ขนนก),12,20,8857121569853
41515,ที่คาดผมไฟ (ดอกไม้),12,20,1988321415156
41471,ที่คาดผมไฟ (เขา),12,20,1988321414715
41523,ที่คาดผมไฟ (หูกระต่าย),12,20,1988321415231
PD68000995,ห่วง 2 ชั้น MG 70 cm. คละสีสด,35,50,
PD68000996,สระว่ายน้ำ Smile 262A 2.62m.*1.75m.*0.5m.,360,400,
PD68000997,สระว่ายน้ำ ฟลามิงโก้ 3.05m.*1.85m.*0.6m.,610,720,8859811110369
PD68000998,สระว่ายน้ำ สีพื้น MAHNAM 3.05m.*1.72m.*0.55m,470,550,
GM42223,รองเท้า G สีครีม เบอร์ 7 42223,65,80,8854222307032
PD68000999,รองเท้า G สีครีม เบอร์ 8 42223,65,80,8854222308039
PD68001000,รองเท้า G สีครีม เบอร์ 9 42223,65,80,8854222309036
PD68001001,รองเท้า G สีครีม เบอร์ 6 42223,65,80,8854222306035
PD68001002,รองเท้า G สีครีม เบอร์ 5 42223,65,80,8854222305038
PD68001003,รองเท้า G สีครีม เบอร์ 4 42223,65,80,8854222304031
PD68001004,รองเท้า G สีน้ำตาล เบอร์ 44 42184,65,80,8854218444093
PD68001005,รองเท้า G สีน้ำตาล เบอร์ 42 42184,65,80,8854218442099
PD68001006,รองเท้า G สีน้ำตาล เบอร์ 43 42184,65,80,8854218443096
PD68001007,รองเท้า G สีน้ำตาล เบอร์ 40 42184,65,80,8854218440095
PD68001008,รองเท้า G สีน้ำตาล เบอร์ 41 42184,65,80,8854218441092
PD68001009,รองเท้า ADDA 55U25-W1 เบอร์ 4,125,140,8851585181590
PD68001010,รองเท้า ADDA 55U25-W1 เบอร์ 5,125,140,8851585181606
PD68001011,รองเท้า ADDA 55U25-W1 เบอร์ 6,125,140,8851585181613
PD68001012,รองเท้า G สีเขียว เบอร์ 4 42223,65,80,8854222304024
PD68001013,รองเท้า G สีเขียว เบอร์ 5 42223,65,80,8854222305021
PD68001014,รองเท้า G สีเขียว เบอร์ 7 42223,65,80,8854222307025
PD68001015,รองเท้า G สีเขียว เบอร์ 8 42223,65,80,8854222308022
PD68001016,รองเท้า G สีเขียว เบอร์ 9 42223,65,80,8854222309029
PD68001017,รองเท้า G สีเขียว เบอร์ 6 42223,65,80,8854222306028
PD68001018,รองเท้า G สีเขียว เบอร์ 40 42184,65,80,8854218440040
PD68001019,รองเท้า G สีเขียว เบอร์ 41 42184,65,80,8854218441047
PD68001020,รองเท้า G สีเขียว เบอร์ 42 42184,65,80,8854218442044
PD68001021,รองเท้า G สีเขียว เบอร์ 43 42184,65,80,8854218443041
PD68001022,รองเท้า G สีเขียว เบอร์ 44 42184,65,80,8854218444048
PD68001023,รองเท้า G สีเหลือง เบอร์ 40 42184,65,80,8854218440026
PD68001024,รองเท้า G สีเหลือง เบอร์ 41 42184,65,80,8854218441023
PD68001025,รองเท้า G สีเหลือง เบอร์ 42 42185,65,80,8854218442020
PD68001026,รองเท้า G สีเหลือง เบอร์ 43 42185,65,80,8854218443027
PD68001027,รองเท้า ADDA 55U03-M1 สีเทา เบอร์ 7,125,140,8851585041139
PD68001028,รองเท้า ADDA 55U03-M1 สีเทา เบอร์ 8,125,140,8851585041146
PD68001029,รองเท้า ADDA 55U03-M1 สีเทา เบอร์ 9,125,140,8851585041153
PD68001030,รองเท้า ADDA 55U03-M1 สีเทา เบอร์ 10,125,140,8851585041160
PD68001031,รองเท้า ADDA 55U01-M1 สีเหลือง เบอร์ 7,125,140,8851585068310
PD68001032,รองเท้า ADDA 55U01-M1 สีเหลือง เบอร์ 8,125,140,8851585068327
PD68001033,รองเท้า ADDA 55U01-M1 สีเหลือง เบอร์ 9,125,140,8851585068334
PD68001034,รองเท้า ADDA 55U01-M1 สีเหลือง เบอร์ 10,125,140,8851585068341
PD68001035,รองเท้า ADDA 55U25-W1 สีขาว เบอร์ 4,125,140,8851585181545
PD68001036,รองเท้า ADDA 55U25-W1 สีขาว เบอร์ 5,125,140,8851585181552
PD68001037,รองเท้า ADDA 55U25-W1 สีขาว เบอร์ 6,125,140,8851585181569
PD68001038,รองเท้า ADDA 55U03-M1 สีเขียว เบอร์ 7,125,140,8851585041016
PD68001039,รองเท้า ADDA 55U03-M1 สีเขียว เบอร์ 8,125,140,8851585041023
PD68001040,รองเท้า ADDA 55U03-M1 สีเขียว เบอร์ 9,125,140,8851585041030
PD68001041,รองเท้า ADDA 55U03-M1 สีเขียว เบอร์ 10,125,140,8851585041047
PD68001042,รองเท้า ADDA ขาว เบอร์ 8 52201,68,80,8851585762126
PD68001043,รองเท้า ADDA 59A01-M1 เบอร์ 9,65,80,8851585881902
PD68001044,รองเท้า ADDA 59A01-M1 เบอร์ 8,65,80,8851585881896
PD68001045,รองเท้า ADDA ขาว เบอร์ 10 52201,68,80,8851585288442
PD68001046,รองเท้า ADDA ขาว เบอร์ 11 52201,68,80,8851585284826
PD68001047,รองเท้า ADDA ขาว เบอร์ 9 52201,68,80,8851585762133
DT24-0141L,รองเท้าหัวโต ผู้หญิง Double D คละสี,65,80,DT24-0141L-MIX(36-41)Z
PD68001048,รองเท้าหัวโต ผู้หญิง Bumei คละสี,50,70,CD0221BR
PD68001049,รองเท้าหัวโต ผู้หญิง Peka คละสี,80,95,PK942W6MC
LK7453T-2,DIY คลิกอ่านของเล่น 3 ภาษา,90,110,6973428342707
JJ864,ของเล่นตึกถล่ม Tumbling Tower,50,65,
7870,ของเล่นหมากรุก 3 in 1,60,75,
PD68001050,ว่าวนก 35 cm. ถูก,22,35,
333-33,ปืนเป่าฟอง FLYING ARMOR,45,55,9558102321376
PD68001052,ฟุตบอล ขาว-ดำ,81,105,8859316334543
PD68001053,ต้นคริสต์มาส 10 นิ้ว,5,20,8852323112029
PD68001054,ต้นคริสต์มาส  15 นิ้ว,5,50,8852323011186
PD68001055,ดาบคู่เขียว/ฟ้า,75,85,
SK5054,ฮีโร่เต้น Hulk Dance Hero,110,135,8850961152261
SR-2008,บอลพวงสี 115 ลูก สีสด,205,220,8851631020088
WD-MV-WT-SM179691,บอร์ดลิขสิทธิ์ สไปเดอร์แมน,105,140,8859074825604
43040,แพ 18 หลุม,190,230,6942138949919
43014,แพ 18 หลุม #43014,185,230,6942138967784
43015,แพ 18 หลุม #43015 (กล่อง),250,290,6942138940282
PD68001056,ไส้โป่งเป่าลม,5,10,
PD68001057,กระเทียม กล่อง 10.-,4,10,
8857121599829,ที่คาดผมไฟ ดอกไม้,11.5,20,8857121599829
8857121599850,ที่คาดผมไฟ โบว์,14,20,
8857121599812,ที่คาดผมไฟ หูหนู,13,20,8857121599812
PD68001058,ที่คาดผมไฟ หูกระต่ายหนา,13,20,8857121629496
PD68001059,ที่คาดผมไฟ หูกระต่ายรุ้ง,12,20,8857121569792
8857121569822,ที่คาดผมไฟ หูหนูขน,14,20,
PD68001060,ที่คาดผมไฟ ดอกไม้สีพื้น,13,20,8857121569860
SY-A2299-1,ห่วงโดนัท 100 cm. SY-A2299-1,85.5,125,6956373229910
SY-A2041,ขาสอดนกยูงวิ้งๆ 70 cm. SY-A2041,67.5,85,8859316312886
SY-A2057,ขาสอดจิ้งจอก 70 cm. SY-A2057,54,70,6956373020579
SY-A2299,ห่วงโดนัท 90 cm. SY-A2299,54,75,6956373022993
PD68001064,ขาสอดไดโนเสาร์ชมพู SY-A2055,54,70,6912332620556
PD68001065,รถฝาครอบ,90,139,8853347022608
PD68001068,รองเท้าแตะ ADDA เบอร์ 9.5 Walk Star,42,50,
PD68001069,รองเท้าแตะ ADDA เบอร์ 10 Walk Star,42,50,
PD68001070,รองเท้าแตะ ADDA เบอร์ 10.5 Walk Star,42,50,
PD68001071,รองเท้าแตะ ADDA เบอร์ 11 Walk Star,42,50,
PD68001072,รองเท้าแตะ ADDA ขาว เบอร์ 4 82B01,45,55,8851585376842
PD68001073,รองเท้าแตะ ADDA ขาว เบอร์ 5 82B01,45,55,8851585376859
PD68001074,รองเท้าแตะ ADDA ขาว เบอร์ 6 82B01,45,55,8851585376866
PD68001075,ตุ๊กตาเต้น LaBub,110,135,
PD68001076,ตุ๊กตาเต้น Sitch,110,135,
PD68001077,ตุ๊กตาเต้น Kuomi,100,120,
SK5650,ตุ๊กตาเต้น Stitch เล็ก,95,120,8850961161409
SK5270,ฮีโร่เต้น SpiderMan,110,135,8850961157587
SK5269,ฮีโร่เต้น SpiderMan 6 ขา,110,135,8850961157570
SK4550,ฮีโร่เต้น IRON MAN เปิดหน้า,110,135,8850961150168
SK5271,ฮีโร่เต้น Optimus,110,135,8850961157594
SK5053,ฮีโร่เต้น BumbleBee,110,135,
SK5272,ฮีโร่เต้น BatMan,110,135,
PD68001078,ตุ๊กตาเต้น เป็ด,100,120,6903606426509
PD68001080,ดาบคู่ปิกาจู,85,110,
PD68001081,กังหัน เอลซ่า,50,60,
1988321500111,หมาดุ๊กดิ๊ก Smile,51,55,
221,เปียโนปลา,130,150,6903516413477
PD68001083,ตุ๊กตาเจ้าหญิงชนถอย Angel Girl,100,120,8859472400496
8088,สไปเดอร์แมน ขี่สเก็ตบอร์ด,85,100,
PD68001084,ล้มลุกสโนว์แมน 36 นิ้ว ฐานทราย/น้ำ,88.445,120,
PD68001085,ลูกไฟ,14,20,
PD68001086,ของเล่นแผง 25 บาท,18.75,25,
PD68001087,สเปรย์สายรุ้ง,10,18,6972314640057
PD68001088,สเปรย์หิมะ,10,18,6972314640040
MT251042,ม้าลา กระโดดเสียงคละสี,94.5,130,
MT251040,กวางกระโดดเสียงไฟ,90,125,
MT251043,ยีราฟกระโดดเสียงไฟคละสี,108,145,
PD68001089,ว่าวนก 35 cm. ไม่มีหาง,21.5,35,
PD68001090,ไส้โป่งมินิ,40,50,
PD68001092,ปืนเป่าฟอง Fun bubble gun,55,65,6988432516631
PD68001094,ห่วงถูกคละแบบ 60cm MG,14,20,
41477,แพจระเข้ Buddy Crocodile BestWay,190,230,6941607312209
41525,แพฟรามิงโก้ Fancy Flamingo BestWay,310,370,6941607368619
41114,แพยูนิคอร์น Fantasy Unicorn BestWay,355,420,6941607365007
41502,แพสลาแมนเดอร์ Salamander BestWay,320,370,6941607348703
41541,แพโลมารุ้ง Dolphin Daydream BestWay,210,250,6941607391334
41540,แพเจ็ทสกี Sea Surfer BestWay,190,250,6941607390986
41503,แพยานอวกาศ Splash Shuttle BestWay,295,350,6941607351994
41504,แพนกโดโด้ Dandy DoDo BestWay,285,330,6941607352076
42046,แพกระดานโต้คลื่น Sunny Surf Best Way,140,170,6942138981674
61136,แพเรือ ขนาด 1.49 m. Kondor 1000 BestWay,185,250,6941607332399
43550,แพหลุม Comfort Plush BestWay,315,370,6941607354063
31152,"บอล ชายหาด 42"" BestWay",115,140,6941607385814
SY-A0768,"ขาสอดหมา 27"" คละสี SY-A0768",54,70,8859316312947
PD68001095,กิ๊ฟติดผม,10,20,
PD68001096,ที่คาดผมไฟ เขากวาง,12,20,
PD68001098,ที่คาดผม คริสมาสต์,10,20,
14049,แพฟรามิงโก้ CoolarZ BestWay,435,500,821808140497
HSE-E0003,ของเล่นออแกนรถ,80,95,9745123698000
86159,ของเล่นตุ๊กตาครัว,70,85,6954632101595
870-9,ของเล่นหุ่นยนต์ น้ำเงินแดง,70,85,6975482260577
870-7,ของเล่นหุนยนต์ เหลือง,70,85,6975482260553
870-8,ของเล่นหุ่นยนต์ ขาว,70,85,6975482260560
3091,ของเล่นเลโก้รถ,70,85,6976589212100
PD68001100,ของเล่นหุ่นบิน,70,85,
779-1,ของเล่นตุ๊กตา Charm Doll,70,85,
8811B,ของเล่น ออแกลนโพนี่,80,95,
62788,ของเล่นเกมลิง,70,85,
RT079,ของเล่นรถตีลังกา,80,95,
2758,ของเล่น วิทยุ,75,95,
44818,ของเล่นเกมหมี,70,85,
09818,ของเล่น เกมไดโนเสาร์,70,85,
062,ของเล่น ชุดคุณหมอ,70,85,
069,ของเล่น ชุดแต่งหน้า,70,85,
PD68001101,ตุ๊กตาซานตาคลอสเต้น,230,270,
PD68001102,หมวกซานตาคลอสมีไฟ,125,160,
PD68001103,กล่องสุ่มLABUBU,15,20,8412131605214
PD68001104,กล่องสุ่มSEA WORLD,15,20,
PD68001105,กล่องสุ่มCRYBABY,15,20,
PD68001106,กล่องสุ่มBigintoEnergy,15,20,8512131106701
PD68001107,แท่งไฟ หูหมี,15,20,
PD68001108,แท่งไฟ หูกระต่าย/แว่นตา/ข้อมือ,10,20,
TYBL-811,ปืนฉีดน้ำ เล็ก,15,18,8868921607140
830-1,ปืน Submachine,70,85,6903606430155
7768,ชุดกระเป๋าคุณหมอ,55,65,6903516414931
PD68001109,ของตกแต่งคริสต์มาสใหญ่,90,130,
PD68001110,พวงมาลัยคริสต์มาสใหญ่,185,215,
PD68001111,พวงมาลัยคริสต์มาสเล็ก,95,130,
PD68001112,ของตกแต่งคริสต์มาสเล็ก,40,80,
333-25,ปืนเป่าฟองยูนิคอร์น bubble tale,80,95,
PD68001113,โคม,11,16,
57551NP,แพจระเข้เด็ก(ดำ) Intex,191,230,6941057402987
58172NP,"แพบอร์ดเด็ก 33""*31"" Intex",132,160,6941057430539
58562NP,"แพจระเข้ 80""x45"" Intex",310,390,6941057458564
58731EU,"แพหมึกกระดอง 78""x52"" Intex",431,550,6941057430553
57556NP,"แพเป็ดรุ้ง 63""x46.5"" Intex",410,550,6941057403007
58868EU,"แพเก้าอี้ ขาว น้ำเงิน ดำ 71""x53"" Intex",635,790,6941057402352
58331NP,"แพเรือ Explorer 200 +ไม้พาย/สูบมือ 73""x37""x16""",420,600,6941057453316
58332NP,"แพเรือ Explorer 300 +ไม้พาย/สูบมือ 83""x46""x16""",618,990,6941057453323
58330NP,"แพเรือ Explorer 200 73""x37""x16"" Intex",252,360,6941057402635
58329NP,"แพเรือ Explorer 100 58""x33""x14""",194,290,6941057402628
PD68001114,ถังทรายดั้มสวย,45,57,010829015
PD68001118,ทุบตุ่น,130,145,
PD68001119,รถดั้มบังคับ,400,440,8857121532284
PD68001120,Bean-Eating Frog,130,150,
PD68001121,ตุ๊กตาขายาว,85,100,
PD68001122,ถังทรายรถเข็นทรายเล็ก,40,50,6920009146452
PD68001123,ตีนกบดำน้ำ,80,100,6903606424215
PD68001124,กังหัน Hulk,55,65,8858599032207
PD68001125,ถังทรายถาดปู,30,40,8858711980768
TYBL-1068,พลุกระดาษเป็ด,13.5,20,8857121627409
PD68001126,คฑาช้าง,35,45,
MC-2306,ถุงสุ่มคละแบบ,12,17,6952800242798
WD-MV-WT-SM179908,คาดอกสไปเดอร์แมน,265,285,8859074822818
WD-DY-WT-FZ23603,"ห่วงกล่องเอลซ่า 30""",72.5,90,8859074826014
WD-DY-WT-PC183603,"ห่วงกล่องเจ้าหญิง 30""",72.5,90,8859074821330
PRO-WT-MN23603,"ห่วงกล่องมินเนีย minions 30""",50,90,8859074825826
WD-DY-WT-PC183203,ปลอกแขนกล่องเจ้าหญิง,42.5,55,8859074839236
PD68001127,ชูชีพเป่าลมมีปีก L,81,95,8859316314583
PD68001128,คาดผมไฟ Happy New Year,14,20,
PD68001129,กระเทียม ซุปเปอร์ป๊อป (กล่องใหญ่),300,390,8858952400087
PD68001130,ของเล่นตักไอติม,12.375,15,6996512910019
PD68001131,ของเล่นตักพุดดิ้ง,12.375,15,6996512903332
PD68001132,ของเล่นที่ตักพุดดิ้งใหญ่,22.5,30,6780326314183
PD68001133,ดาวตกใหญ่,80,100,
PD68001134,กล่องสุ่ม ทุงๆ (6/กล่อง),28.4,35,
PD68001135,กล่องสุ่มพวงกุญแจZoo (24/กล่อง),0,15,
PD68001136,หมวกหูบีบมีไฟ,60,80,
8858952430084,ซุปเปอร์ป๊อป กระเทียม,3.9,4,
PD69001137,ปืนฉีดน้ำ,202.5,225,
SR36-2493,ห่วงยางเป่าลม 85 cm. ลายมิกกี้,71.25,85,
SR36-2494,ห่วงยางเป่าลม 85 cm. ลายสติช,71.25,85,
0151,"ห่วงยางบลูด็อก 36""",71.25,90,
PD69001138,ห่วงวัว ขาวชมพู,47.5,85,
SY-A2232,"ห่วงโบว์ 70 cm 26"" SY-A2232",63,85,6956373022320
PD69001139,ถังทรายรถเข็นทรายกะบะเหลี่ยม 9244,95,105,8851631092443
6941607314012,แพหมอนตาข่าย comfort Plush Bestway,165,190,
PD69001140,สไลเดอร์,450,580,
8859811100438,บอลชายหาด 10 นิ้ว ม้าน้ำเล็ก,5.0825,10,
59901-M,รองเท้า ADDA ขาว 59901-M1 เบอร์ 7,68,80,8851585219972
PD69001141,รองเท้า ADDA ขาว 59901-M1 เบอร์ 8,68,80,8851585220060
PD69001142,รองเท้า ADDA ขาว 59901-M1 เบอร์ 9,68,80,8851585220091
PD69001143,รองเท้า ADDA ขาว 59901-M1 เบอร์ 10,68,80,8851585220275
PD69001144,รองเท้า ADDA ขาว เบอร์ 4 52201,68,80,8851585823018
8859316314569,ชูชีพเป่าลมมีปีก M,0,90,
PD69001147,ไดโนเสาร์ถุง 5 ตัว,0,60,
PD69001148,กล่องจุ่มตุ๊กตาคละแบบ,15,20,
PD69001149,กล่องจุ่มพวงกุญแจคละแบบ,6,10,
698-2Y,กระบองไฟคู่,60,75,8858599032399
8858740424141,ชุดตรายางมิกกี้เม้า,35,45,
8858740422833,ชุดตรายางเจ้าหญิง,35,45,
8858740412636,ชุดตรายางAvengers,35,45,
PD69001150,ชุดโต๊ะเครื่องมือช่าง 55 ชิ้น,285,350,
PD69001151,รถสูบลมลูกโป่ง warrior,85,95,
PD69001152,ชุดครัว+ตู้กดน้ำกบเขียว,50,60,
XQ338-2A,โต๊ะช่าง XQ338-2A,260,300,
BM8018-1,เปียนโนนิ้งหน่อง,125,145,
EM1167A,รถรางไดโนเสาร์,165,190,
127-4,รถเข็นขายของ NO.127-4,120,140,
K-211,รถเข็นช็อปปิ้ง K-211,160,180,
91140,ปืนฉีดน้ำ Super Water Gun,55,65,1988321911405
93105,ชุดเค้ก,75,90,1988321931052
0125,เกมทายภาพ,90,100,8608130012546
92635,ไมค์โครโฟน,100,115,1988321926355
93026,ชุดแต่งหน้า Make-up Kids,65,80,1988321930260
93485,กระปุกออมสิน ตู้กดน้ำ,150,180,1988321934855
555-DG013,ชุดตัดเค้ก 68 ชิ้น,70,85,
92185,ปืน Fire Wire Assault,65,80,1988321921855
6865,โต๊ะสนุ๊กเล็ก,20,25,
PD69001153,ตุ๊กตาตู้เสื้อผ้า,70,85,8856641008750
333-81,ชุดหม้อหุงข้าว,55,70,8858599022215
GE10186,ชุดคุณหมอ MTR,45,55,8851059127154
606-3,หุ่นยนต์บังคับ Kim,240,265,606360632
2203A,เกมไดโนเสาร์ Dino eat beans,220,235,6903606420798
333-77/164099,ชุดตู้ไอติม,65,75,8858599022222
PD69001154,ชุดปืนยิงโฟม+กระสุนเจล,85,100,6903606430698
PD69001155,บอลสโมสร เบอร์ 5 สีพื้น,100,120,
792-158,รถก่อสร้าง 4 คันถุง KIN,55,70,520212531609
090A-81,รถก่อสร้าง 4 คันถุงใหญ่ KIN,80,95,520211639962
YF799,หน้ากากฮีโร่+ปืน,140,165,520212338451
689-803,รถแมคโครบังคับ (ถ่านชาร์จ) KIN,220,290,520210722832
K113,วอลเลย์บอล KIN,80,105,
K408,ฟุตบอลรุ้ง,90,105,
PD69001156,ตู้กดน้ำกล่อง 2016-17 30 บาท,22.5,30,520211595596
PD69001157,เลเซอร์แผง K394 10 บาท,8.25,10,
PD69001158,ลูกโป่งมีไฟ K283 5 บาท,3.6,5,
PD69001159,โรยทรายแผง K383 5 บาท,3.6,5,
PD69001160,ปักหมุดหมี 5 บาท,4.125,5,
572743H,ปืนยิงบอล+ฉีดน้ำใหญ่ 648-27,115,135,
2213A,ตุ๊กตาแต่งหน้า (สีชมพู),130,155,8853347015761
551241H,ตุ๊กตากล่องมีพัด 8438C,115,135,8853347020383
101534N,จิ๊กซอว์กล่องจัมโบ้ 35 ชิ้น,70,85,8853347027870
301009H,ระนาดกล่อง 2 IN 1 5511-2,130,155,8853347031198
501043H,เค้กวันเกิดกระเป๋าหิ้ว 6981,210,245,
001992H,ครัวรถเข็นไอติมกล่องขาว 668-90,120,140,8853347026217
401897,ครัวซิงค์ล้างจานไดโนเสาร์กล่อง,110,130,
481558,เกมป้องกันเครื่องบินชนเหรียญ,150,180,8853347034496
591636,เกมทุบหมีมีระนาดกล่อง WQ-133,165,190,8853347035363
581648,เกมชู้ตลูกข่างไดโนเสาร์กล่อง,70,85,8853347035653
581745,เกมชู๊ตบาสคู่กล่อง,75,95,8853347035776
TF904-03,ปืนยิงโฟมซุปเปอร์ฮีโร่,70,85,6903606428930
SY-A2149,ห่วงอวกาศ-Dino 60cm. SY-A2149,33.3,45,6956373021491
SY-B5026,แพหลอดสะท้อนแสง SY-B5026,89.96294382,120,6956373050262
SY-A2208,"ขาสอดฟลามิงโก้ 26"" SY-A2208",54,70,6956373022085
PD69001161,"ห่วงโดนัท Sainteve 120 cm.48""",110,135,
309A,เป่าฟองฟลามิงโก้มีเสียง,17,25,9558102321413
GE10828,รถ10ล้อพ่วงฝาครอบ,76.5,100,8851059141853
8851585823032,รองเท้า ADDA ขาว เบอร์ 6 52201,68,80,
8851585823025,รองเท้า ADDA ขาว เบอร์ 5 52201,68,80,
40373,หมูโอ๊กเล็ก,26,35,1988321403733
50054,ผู้หญิงโอ๊ก,33.25,40,1988321500548
PD69001162,จุ่มพวงกุญแจ brainrot,29,35,
91258,ปืนฉีดน้ำ Summer Fun,50,60,1988321912587
PD69001163,ดาบคู่starwar,60,75,
PD69001164,เรือบังคับ Defier,250,295,
8859074812888,ปืนเบ็นเท็น,0,95,
PD69001165,เลโก้ต้นไม้,140,155,
6689-206A,เลโก้ตำรวจ 6689-206A,0,70,6903606420811
8851059136651,ถังทรายปราสาทพลั่ว,63.75,80,
D-8563,เกมบาสโดเรม่อน D-8536,60,75,8858740485364
D-8575,เกมฟุตบอลโดเรม่อน D-8575,60,75,8858740485753
PD69001166,ปืนเจล Falcons Pistol,300,350,8857121562021
PD69001167,ปืน Shooter super power gun,60,80,
8858599022345,รถดั้มบังคับ 525-5,147,170,
299152279,รถบังคับพวงมาลัย 299,100,110,
8816,รถบังคับแม็คโค 8816,190,220,
501,ฟอสซิลไดโนเสาร์ 3D SKELETON 501,65,75,
YQ042,รถบังคับตำรวจ YQ042,115,130,042823112
PD69001168,รถบังคับ (กะบะSR) HIGH SPEED IMITATION RACING,150,170,
PD69001169,แว่นตาแผง (ชิ้น),16.67,20,
PD69001170,พวงมาลัยกดมีเสียง ZT,55,70,
617625513,สัตว์ป่า+ห่วง,0,45,
WD-DY-WT-OF3203,ปลอกแขนกล่องโอราฟ Olaf's,36.33914729,55,8859074821507
WD-DY-WT-TS43600,"ห่วงกล่อง Toy Story 4 22""",38.47674419,60,8859074824980
WD-DY-WT-CT3600,"ห่วงกล่อง หมีพลู Cuties 22""",30,60,8856641010128
PD69001171,ผ้าปูชายหาด,120,140,
57803EU,แพใบไม้ intex,647,790,6941057430515
58523NP,แพปลาวาฬเด็ก Intex,183,230,6941057455235
57531NP,แพเครื่องบิน+ปืน Intex,306,360,6941057430508
58159NP,แพตัวฟ้า Intex,167,210,6941057430522
58739EU,แพอโวคาโด Intex,372,440,6941057430577
58356NP,แพเรือ Explorer Pro 200,588,735,6941057402659
58546NP,"แพจระเข้ (ดช.) 66""x34"" Intex",175,230,6941057455464
8850961152872,ตุ๊กตา Fantasy Q9318,0,115,8850961152872
PD69001173,เป่าฟองใหญ่ ยีราฟ,22.5,30,808328967
PD69001174,เป่าฟองใหญ่ เพนกวิน,22.5,30,808228967
PD69001175,เป่าฟองใหญ่ นางเงือก,22.5,30,808528589
PD69001176,เป่าฟองใหญ่ เป็ดใส่หมวก,22.5,30,233528967
PD69001177,เป่าฟองกลาง กระต่าย,6.67,10,201628820
PD69001178,เป่าฟองกลาง เป็ด,6.67,10,201428820
PD69001179,แท่งไฟ,14,17,
6975054510192,หุ่นยนต์ Smart robt,100,110,
PD69001180,สระกลมลายนางเงือก 48 นิ้ว 3 ชั้น,130,190,8859811126247
PD69001181,สระกลมลายการ์ตูน 48 นิ้ว 3 ชั้น,130,190,8859811126261
PD69001182,สระกลมลายหนู 48 นิ้ว 3 ชั้น,130,190,8859811126254
PD69001183,สระกลมลายแมงมุม 48 นิ้ว 3 ชั้น,130,190,8859811126230
GE10705,ตัวต่อจรวด GE10705,46.75,70,8851059137344
PD69001184,ถุงสุ่ม 30 (แผง),135,150,
PD69001185,ปืน FIRESTORM  7070A,270,320,8858599023755
PD69001186,กระต่ายดุ๊กดิ๊กมีไฟ,60,70,
PD69001190,ขาสอดย้อยกลม การ์ตูน,73,85,8859316313036
PD69001191,ขาสอดย้อยกลม ยีราฟ,73,85,8859316313043
PD69001192,เลโก้ wW5009,70,90,12247479
PD69001193,เลโก้ JC-114,70,90,6972429628445
PD69001194,เลโก้ JC-111,70,90,6972429628117
PD69001195,ตุ๊กตาลูกปัด 86074,70,90,6954632100741
PD69001196,ลำโพง+ไมโครโฟน,70,95,6973281283087
PD69001197,หม้อหุงข้าว 2261,80,95,6971974433023
PD69001198,รถ4คัน+เครน 100-94,80,95,6974596650083
PD69001199,ตู้กดน้ำครัวเป็ด,70,90,6970789843546
PD69001200,ถุงสุ่ม 30 (ชิ้น),22.5,30,
201148193726,รถดับเพลิง 4 คันถุง,75,85,
6903516414306,จระเข้ เต้น,110,135,
PD69001202,ปืนฉีดน้ำ SJR WG-988,165,185,
PD69001203,ทุบเพนกวิน,55,65,617880715
2207-24,หมาดุ๊กดิ๊กตำรวจ,42,55,6903516415990
885,ถังทรายรถโพลี GV,90,125,8858599030111
TYBL-1268,ปืนฉีดน้ำเล็ก ZT,13,20,8857121603175
PD69001205,รองเท้าเดินชายหาด,49.5,65,8859316311964
M606Q,ปืนฉีดน้ำ M606Q TC,110,130,520202325720
YS312-B4,ปืนฉีดน้ำ  YS312-B4 VR,50,58,6903606422006
PD69001206,ปืนฉีดน้ำ VR Superior,55,65,6903606426707
91300,ปืนฉีดน้ำ 91300 ZJ,46,55,1988321913003
94159,ดาบ Minecraft 94159,33.25,40,1988321941594
PD69001207,ปืนเป่าฟอง Angel Bubble gun,35,45,988325516
PD69001211,ถังทราย+บอล RD834,45,57,
KK24608,วอลเลย์บอล GV,65,95,
1001-5,ห่วงยางทูโทนกลม 90 ซม.,58.5,75,6956373020494
6956373023129,ห่วงยางโบว์+กลิตเตอร์ 70 cm. SY-A2312-1,58.5,80,6956373023129
6956373020500,ห่วงยางหลากสี LW SY-A2236 90 cm.,58.5,80,6956373020500
PD69001215,กระต่ายดุ๊กดิ๊กรุ้งมีไฟ (50018),49.4,65,1988321500180
PD69001216,กระต่ายดุ๊กดิ๊กลายจุดมีไฟ (50019),49.4,65,1988321500197
1988321924948,เปียนโนเล็ก,0,65,
PD69001217,ดอกไม้ กุหลาบประดิษฐ์,15,25,
8856641013112,นวม ben 10,0,159,
PD69001219,ตุ๊กตาเงือก 5805L,60,70,201222577268
PD69001220,วอลเลย์ลอยน้ำ,0,290,
PD69001221,ปืนฉีดน้ำ SJR (130),0,130,
87892891536206,ดาบ MineCraft B.R.,33.3,40,
PD69001222,ขาสอดนกเป็ดน้ำ,30,57,
PD69001223,ห่วงหัวสัตว์รูปตัว C คละแบบ,15,50,2200268918323
PD69001224,ขาสอดลาสีฟ้า,30,50,
PD69001225,"ขาสอดโลมา ม้าน้ำ 30""",50,70,
PD69001226,ดาบ Minecraft 94158,34,40,1988321941587
8859316313203,แพกลมมีผนัก สีฟ้า SY-A2052,252,320,
PD69001228,ซองกันน้ำ (ซิปล็อก+แปะ),9.5,13,6923580485088
PD69001229,ปืนฉีดน้ำแผง (55),0,275,
PD69001230,ปืนฉีดน้ำแผง (70),315,350,
PD69001231,ว่าวแผงอินทรีย์ (25),112.5,125,
PD69001234,บอลพวงสี 5 ลูก,11.5,17,
810029967402,ปืนเป่าฟองใหญ่,65,85,
PD69001236,ขาสอดยูนิคอร์น เขาทอง,40,57,
PD69001237,ปืนฉีดน้ำ แป๊ป 68651,13,18,1988321686518
PD69001238,ปืนฉีดน้ำ แป๊ป 68654,13,18,1988321686549
PD69001239,ปืนฉีดน้ำ แป๊ป 68611,13,18,1988321686112
PD69001240,ห่วง 2 ชั้น คริสตัล คละสี 60 cm. SY-A1066,31.5,40,6956373002384
8859316334505,ของเล่นใต้น้ำ หมึก,58.5,70,
PD69001241,บอลเด้ง VR,45,55,6903606424413
GE10995,สน็อกเกิ้ลเด็ก GE10995,105,130,8851059144557
PD69001242,เลโก้ถุงม่วงใหญ่,340,370,136220317
8859565736723,ขาสอดยูนิคอร์นขาวถูก,45,57,
KSB200,สระว่ายน้ำ 2 m. KISUBO No.KSB200,260,310,8997235610093
43108,แพกลม CoolerZ 43108,275,310,6942138920482
65230,แพเพกาซัส 65238,330,590,9979600000011
GE10996,แว่นตาว่ายน้ำเด็ก Wenfei 703,40,55,8851059144564
PD69001243,โต๊ะวาดรูป ยีราฟ,0,170,668824542
PD69001244,รถเก๋งลาย auto Pick intense,0,120,8850961153268
PD69001245,เป่าฟองใหญ่ ฉลาม,20,30,6267993514561
888-98A,โมเดลรถแข่ง 888-98A,8.25,10,
AJ004212,ปืนเป่าฟอง M81 GALAXY,80,100,6267993506009
PD69001247,แผ่นโฟมตัวเลข,60,75,6903606420743
PD69001248,วัวพูดตาม,60,75,
X09-1,โมเดลรถก่อสร้างเหล็ก X09-1 (25),18.75,25,
X14-1,โมเดลรถโบราณเหล็ก X14-1 (25),18.75,25,
W2602,เลโก้ ไมโคร W2602 (15),11.25,15,
322-60,โมเดลรถเหล็ก 322-60 (10),7.5,10,
PD69001254,บอล ABC เบอร์ 2,45,55,
E9999,เกมกด E9999 (55),41.25,55,
PD69001256,ตะโขงบังคับ,350,400,
SK5562,ปืนฉีดน้ำไฟฟ้า Electric Dual Spay No.SK5562,210,265,8850961160518
PD69001257,ปืนฉีดน้ำไฟฟ้า เป้สะพาย Trendy cool 1200ml,110,130,
PD69001258,แว่น10994,60,80,8851059144540
PD69001259,ดาบซามูไร 6888-15,40,50,
TYBL-2405,อูโน่ TYBL-2405,13,17,8857121587031
PD69001260,ถังทรายโจรสลัด,75,90,825962625227
PD69001261,ห่วงอวกาศ-Dino 70cm. SY-A2149,40.5,50,6956373121498
PD69001262,ปืนฉีดน้ำ 3 รู FD021293,116,150,6267993507860
PD69001263,ปืนฉีดน้ำ 1900ml FD021338,128,165,6267993507853
PD69001264,ปืนฉีดน้ำ 91295 ZJ,55.1,65,1988321912952
PD69001265,ปืนฉีดน้ำแผง (40) แผง,180,200,
6267993506467,ปืนฉีดน้ำ FD020812 Beyond,112,145,6267993506467
PD69001267,บอลพวงสี 7 cm. 50 ลูก,95,110,
6956373009017,ขาสอดยูนิคอร์น SY-A0901,65,75,6956373009017
KX-A2055,"ห่วงสายรุ้งก้อนเมฆ 36"" ZT KX-A2055",65,80,6902025042246
PD69001268,"ห่วงดอกไม้ 36"" ZT",65,80,
PD69001269,ห่วง Ocean ZT,65,80,
PD69001270,บอลพวงสี 7 cm. 10 ลูก,23,28,
8851631090777,ห่วงโยนเป็ดใหญ่,0,100,
PD69001271,รถบังคับโม่ปูน,0,550,
TF-01023,ห่วงลายการ์ตูนคละแบบ 70 cm.TF-01023,30,45,6910102400537
PD69001272,ปลอกแขนการ์ตูนถุง SW-F42,12.5,20,6910102403248
SW-F00-20,ห่วงลายการ์ตูนคละแบบ 50 cm.,13,20,6910102402593
50051,ไก่โอ๊กใหญ่ เท้าดำ ZJ,36.1,45,1988321500517
MI-88063,ซองกันน้ำคาดอก VR,14,20,
MI-88064,ซองกันน้ำ VR,11.5,15,5513516446644
WGE42073,ปืนฉีดน้ำ WGE42073 MTR,170,200,8851059134060
WAO43008,ปืนฉีดน้ำ 12000 MTR,450,510,8851059119562
WGE42152,ปืนฉีดน้ำ WGE42152 MTR,140,165,8851059135869
M901P,ปืนฉีดน้ำ M901P TC,125,145,520202325713
WGE42028,ปืนฉีดน้ำ 7500 MTR,340,400,8851059680710
8295-65D,ถังทรายปราสาทกังหัน CWT,55,70,9558102321925
WD-DY-WT-CT3609,"ห่วงกล่องมิกกี้ Cuties 18""",35,50,8856641006084
6903606434009,ปืนฉีดน้ำไฟฟ้า AK47,0,200,
520192336812,ลูกซองแป๊ป,0,60,
MI-88062,แว่นตากันน้ำสงการนต์,8.5,15,
PD69001275,บอลพลาสติก 5 นิ้ว,11.25,17,
PD69001276,สระว่ายน้ำ2.05M.ปลา 3ชั้น mahnam,350,390,
6903606426646,ปืนฉีดน้ำ VR No.2098,55,65,
SY-A2183-Y,กระดานโต้คลื่นเป่าลม+มือจับ เหลือง 118*58 cm. SY-A2183,99,125,6956373021835
PD69001277,กระดานโต้คลื่นเป่าลม+มือจับ ชมพู 118*58 cm. SY-A2183,99,125,6956373221839
PD69001278,กระดานโต้คลื่นเป่าลม+มือจับ ฟ้า 118*58 cm. SY-A2183,99,125,6956373121832
PD69001279,ผลไม้,0,30,
JS001A,ปืนฉีดน้ำอัดลมมีไฟ  JS001A,120,140,6903606434887
230305172-P,ปืนฉีดน้ำไฟฟ้า 230305172-P กล่องชมพู,150,175,6903606434856
230305172-G,ปืนฉีดน้ำไฟฟ้า 230305172-G กล่องเขียว,150,175,6903606434863
TYBL-A319,ปืนฉีดน้ำ TYBL-A319,12.5,18,8868921607034
TYBL-666-18,รถสตั๊น TYBL-666,12,17,8857121577056
CY067-1/CY068-1,ปืนฉีดน้ำไฟฟ้า CY067-1/CY068-1,260,300,6902026010671
PD69001280,ปืนฉีดน้ำไฟฟ้า 518-30,200,240,8859472410365
518-9,ปืนฉีดน้ำไฟฟ้า 518-9,200,240,8859472411515
2141,ปืนฉีดน้ำไฟฟ้า 2141,100,120,8859472410396
6956373020180,ขาสอดหมี SY-A2018,54,70,
PD69001281,เป่าฟองใหญ่ เป็ด,15,30,6267993480422
PD69001282,เป่าฟองใหญ่ คาบีบาล่า,20,30,6267993514585
PD69001283,เป่าฟองใหญ่ กระต่าย,20,30,6267993514578
ZJ-91340,ปืนฉีดน้ำ 5500 ZJ-91340,306,360,1988321913409
91357,ปืนฉีดน้ำ 3000 91357,153,185,1988321913577
PD69001284,ปืนฉีดน้ำ 2900 XL LOMA,136,170,8851059145578
WGE42030,"ปืนฉีดน้ำ 1,500ML. WGE42030",140,175,8851059133148
WGE42263,"ปืนฉีดน้ำ 5,900 ML.WGE42263",136,170,8851059145943
PD69001285,"ขาสอดเป็ด MAHNAM 36"" ชมพู ไม่มีด้ามจับ",61.75,75,8859811110611
PD69001286,"ขาสอดเป็ด MAHNAM 36"" ฟ้า ไม่มีด้ามจับ",61.75,75,8859811110604
PD69001287,"ขาสอดเต่า 36"" Mahnam",75,85,
PD69001288,ห่วงหัวไดโนเสาร์ 36 นิ้ว,95,130,
8859074825789,ถังทรายลิขสิทธิ์,65,75,8859074825789
6956373020326,ห่วงยูนิคอร์น 26 นิ้ว70 cm. SY-A2032,0,50,
7778ABCD,ปืนเป่าฟอง CutePet MG,55,65,8859472400830
115D,ปืนเป่าฟอง 115D,55,65,6971255612130
H051,ปืนเป่าฟอง CuteDoll,55,65,
SY-A2067,ห่วงกระต่าย 26 นิ้ว 70 cm. SY-A2067,37.8,50,6956373020678
SY-A2066,ห่วงหมี 26 นิ้ว 70 cm. SY-A2066,37.8,50,6956373020661
PD69001289,ดาบโซดาป๊อป,65,75,
PD69001290,ดาบหิมะ,65,75,
PD69001291,รถดริฟ,180,210,6979258620350
PD69001292,รถดริฟ,180,210,6979258620145
PD69001293,รถดริฟ,180,210,6979258620138
PD69001294,รถดริฟ,180,210,6979258620114
PD69001295,กังหันสติช,55,65,
PD69001303,แว่นตากันน้ำสงการนต์ MI-88062,8.5,15,6913516446627
PD69001305,ดาบหด ZT,15,18,8857121570033
PD69001306,ไก่โอ๊คเล็ก ZT,13,17,8857121501495
6910102402630,ห่วง 2 ชั้น 50 cm.,0,25,
PD69001307,พวงมาลัยพลาสติก,0,15,
PD69001308,ช้างดุ๊กดิ๊ก,85,95,1988321500173
PD69001309,กระเป๋ากันน้ำ 2 ลิตร,54,70,8859316311957
PD69001310,กระเป๋ากันน้ำ 5 ลิตร,90,115,8859316388881
PD69001311,กระเป๋ากันน้ำ 15 ลิตร,117,140,8859316311605
92075,ปืน92075,83,95,1988321920759
PD69001312,ดินสอพอง,2,5,
PD69001313,ปืนฉีดน้ำเป้สะพายรูปสัตว์,35,45,
PD69001314,"ห่วงโดนัท Mahnam ฟ้า-ครีม 85cm. 36""",65,85,8859811126223
PD69001315,"ห่วงโดนัท Mahnam ชมพู-ครีม 85cm. 36""",65,85,8859811126209
PD69001316,"ห่วงโดนัท Mahnam ช็อค-ครีม 85cm. 36""",65,85,8859811126216
PD69001317,บอลชายหาด 20 นิ้ว,15,20,8859811126308
9245,ถังทรายปราสาทพลั่ว ถาด 9245,95,115,8851631092450
86210,ปืนฉีดน้ำ 86210,60,70,8858711986210
SY-A2050,ห่วงทูโทน 70 cm. SY-A2050,45,55,6956378120502
8851059132905,สระว่ายน้ำ 2เมตร โจรสลัด  Loma,300,350,
PD69001318,สระว่ายน้ำ 3 เมตร 4 ชั้น,700,770,
PD69001319,ซองกันน้ำ ไทย,13.333,20,
PD69001320,ดินสอพอง 10 kg,0,100,
PD69001321,สระว่ายน้ำ 3.05m. 4ชั้น ลายกระต่าย,765,850,
TF-01021,ห่วงลิขสิทธิ์คละลาย 50 cm. VR,18,25,6910102400513
PD69001322,บอล เบอร์ 2,45,55,
805-322A,ถัง 805-322A Hello summer,75,90,8853347038357
90013,ถังทรายปราสาทพลั่วพาสเทล 90013,76,100,1988321900133
ZJ-50006,หมาดุ๊กดิ๊ก ZJ-50006,51,55,1988321500067
PD69001323,เครื่องสูบไฟฟ้า HT-196 VR,100,120,
56508NP,เน็ตวอลเลย์,320,350,6941057402215
ZGL-AX556,เน็ตวอลเลย์ ZT,0,250,8857121531836
RD837,ถังทรายปูบน RD837,45,57,
PD69001324,"ห่วง 2 ชั้น เหลือง ไดโนเสาร์ 30""",47.5,60,8859811110574
PD69001325,"ห่วง 2 ชั้น ชมพู cupCake 30""",50,60,8859811110468
3712-20,วอลเล่ย์บอลมีลาย#5 MG,70,95,
PD69001326,ถังทรายรถดั้มพ์ 561,100,125,8851631055615
ZGS032,กระต่ายดุ๊กดิ๊ก สีพื้นแครอท,48,55,8857121594138
WS1018003,แว่นตาซอง ZT WS1018003,13.5,20,8857121584801
SY-A0875,ห่วงกล่องสับปะรด 168*107cm. SY-A0875,135,160,6956373008751
SY-A0731,ห่วงกล่องสับปะรด 120 cm. SY-A0731,150,190,8859316313104
336-2,กระบองไฟฮีโร่,25,40,8859565737454
PD69001337,ไก่โอ๊กใหญ่ MG,35,45,
PD69001338,สกุชชี่ซาลาเปา ใหญ่,35,50,
PD69001340,หมึกล่องหน,5,10,
PD69001342,ของเล่นใต้น้ำ แท่งดำน้ำ Intex,77,100,6941057455044
IK-6180,ชูชีพเป่าลมคิตตี้ IK-6180,60,75,8858740461801
58221NP,ห่วงกล่อง intex 86cm x 58cm,50,80,6941057452210
WD-DY-WT-PC3609,"ห่วงกล่องเจ้าหญิงกล่องม่วง 18""",40,50,8856641009160
PD69001343,แพสบัด,120,150,
FD3601,"ห่วงกล่องดอรี่ 20""",27.5,55,8859074814653
WD-DY-WT-OF3601,"ห่วงกล่อง Olaf 20""",40,55,8859074821538
PD69001344,"ห่วงกล่อง Avengers 20""",40,55,8859074841246
PD69001345,"ห่วงกล่อง มิกกี้ cuties 20""",40,55,8856641012306
PD69001346,"ห่วงกล่อง Ben10 20""",40,55,8859074816336
PD69001347,แพนอนลายนกยูง BestWay,135,165,6942138952018
PD69001348,"ห่วงลายฟรุตตี้ 36""",45,60,6910102402678
PD69001349,เซ็ตห่วงยาง 2 + แพ 2,380,475,191730654356
SY-A2269,ขาสอดย้อยกลมยูนิคอร์นชมพู A2269,73,85,6956373022696
PD69001351,ชูชีพโฟมเด็ก เสื้อ+แขน,135,150,
PD69001353,ว่าวแผงการ์ตูน (20),90,100,
PD69001354,ว่าวแผงการ์ตูน (25),112.5,130,
PD69001355,ว่าวแผงการ์ตูน (30),135,155,
PD69001356,ว่าวแผงการ์ตูน (40),180,205,
PD69001357,บอลใหญ่ 24 นิ้ว SJR,45,60,
PW026/30,ถังทรายรถดั้มจิ๋ว,13.5,20,
PD69001358,ไดโนเสาร์ยาง มีเสียงคละแบบ,55,70,
PD69001359,ไดโนเสาร์ DIY,50,65,8851631977382
PD69001360,ของเล่นปลาหมึก,90,110,
PD69001361,เป่าฟองกลาง ไดโนเสาร์,8,10,6267993480354
W053/60A,ถังทราย Funny 60A,25,32,
93678,รถบัสตำรวจ 93678,76,95,1988321936781
9366,รถบัส S.W.A.T 9366,81,95,1988321936668
50024,หมาดุ๊กดิ๊ก 50024,47.5,55,1988321500241
SY-A2328,ห่วงยาง summer time 90cm. SY-A2328,65,85,8859316316983
8781,ถังทรายดั้มพ์ 8781,60,70,8853347000330
8787,ถังทรายรถแม็กโค 8787,60,70,8853347000347
BF156175,โมเดลรถดับเพลิงเสียงไฟมีลาน,75,95,6267993518378
BF156271,โมเดลรถบรรทุกมีเสียงไฟ มีลาน BF156271,75,95,6267993518163
PD69001362,clicker,14,25,
PD69001363,ตีนกบผู้ใหญ่,80,120,8881681351801
PD69001364,เป่าฟองเล็ก Benten,11.25,15,8859074819856
PD69001365,เป่าฟองเล็ก spider-man,11.25,15,8859074819863
96950,ดาบยิงเหรียญ,45,60,8858711996950
IMAB266/660,"บอลชายหาด 16"" SR",28.33,35,8851631192662
PD69001366,ห่วงทะเล 60 cm.,32.5,45,6926799211714
PD69001367,ไฟฉาย SR,30,37,
565-169A,รถบรรทุกรถตำรวจ ฝาครอบ 565-169A,50,65,
565-169B,รถบรรทุกคอบเตอร์ ฝาครอบ 565-169B,50,65,
9989-1,ตกปลาเสียงดนตรี SR,103.5,130,
PD69001368,สไลม์ สายไหม (25),18.75,25,
PD69001370,บอลโฟม (20),15,20,
PD69001372,ลูกโป่งวิทยาศาสตร์ (15),11.25,15,
CH-133,เครื่องบินชนถอย,90,110,8858599031101
PD69001374,อูโน่ No mercy,30,40,194735220809
PD69001376,สกูตเตอร์ 2in1,300,379,
ZF-8/145,สกุชชี่ ขนมปังคละแบบ,13,20,ZF-8
BDx-02/145,สกุชชี่แอปเปิ้ล,30,40,BDX-02
PD69001377,สกุชชี่ซาลาเปา ใหญ่ (มีไฟ),35,55,
PD69001379,สกุชชี่ไอติม,30,50,
R366-57,ถังทรายรถเข็นทราย,100,115,825962639828
MT2606107,ไก่โอ๊คใหญ่ บอล,45,55,6267993523747
MT2606106,ไก่โอ๊คเล็ก บอล,25.2,32,6267993523730
MT2606108,ไก่โอ๊คใหญ่ นักบอล,45,55,6267993523754
PD69001381,แว่นตา (25),18.75,25,
PD69001382,สกุชชี่เนยแท่ง 4oz. 12cm,30,40,
PD69001384,ห่วงเพกวิน 70 cm. SY-A2329,36,50,6956373023297
PD69001385,ห่วงยูนิคอร์นชมพู 70 cm. SY-A2271,36,50,6956373022719
PD69001386,"ห่วงเรนโบว์ดาว Mahnam 36""",75,85,8859811126315
PD69001387,"ห่วงชบาด้ามจับ ใส 90 cm. 36""",85,100,8859811112004
PD69001388,"ห่วงสายรุ้ง Mahnam 36""",75,85,8859811111847
PD69001389,"ห่วงเรนโบว์ (Rainbow) Mahnam 36""",75,85,8859811110758
PD69001390,อาหารและเครื่องดื่ม,0,0,
PD69001397,หมาดุ๊กดิ๊ก 50023,50,55,1988321500234
PD69001398,เกมส์ชู๊ตบาสเกตบอล ZT,80,95,8857121595616
PD69001399,เกมฉลาม เหรียญ,200,250,8857121589448
PD69001400,ฮ.บังคับ,280,330,8857121621322
PD69001401,เกมกด Sup Game Box 400 in 1,148,175,8857121630553
23-53,ของเล่นกล่อง BBQ 23-53,65,85,
23-42,ของเล่นกล่อง ซูชิ 22 ชิ้น 23-42,70,85,
PD69001402,เป่าฟองกลาง ยีราฟ,10,13,6267993412683
PD69001403,เป่าฟองกลาง เรือยอร์ช,10,13,6267993412713
GE10594,พลั่วใหญ่ MTR,25.5,35,8851059136439
GE10718,ตัวต่อจรวดใหญ่ GE10718,68,85,8851059137474
IMBS299,สัตว์ยางเด็กนั่ง,155,189,
996-5,เกมกดป๊อปอิทลูศรมีเสียง+ไฟกล่อง,50,60,996527887
8190-2,กรงนก พลาสเทล,50,60,819027800
1413,เกมหมากรุกพลิกหาคู่กล่อง,40,50,141329108
PD69001405,เกมแม่เหล็กมหัศจรรย์ (30),22.5,30,
PD69001407,เสื้อกันฝน (20),15,20,ST00073
PD69001409,ตกปลาไดโนเสาร์ (25),18.75,25,
PD69001411,แพกลมมีผนัก สีชมพู SY-A2052,252,320,8859316313197
PD69001412,รถมอเตอร์ สปอร์ต,1950,2490,8851059147015
PD69001413,ว่าวกระเบน จิ๋ว,25,32,
PD69001414,ว่าวกระเบน เล็ก,35,45,
PD69001415,ว่าวกระเบน กลาง,60,70,
KSB-01031,น้องกบเป่าลม มีไฟ,25,30,6910102400568
PD69001416,ถังทรายปราสาท BSR C457,45,55,825962639897
PD69001418,แพ 18 หลุม ม้าน้ำ,170,210,8859811126322
PD69001419,วอลเลย์บอล ขาว น้ำเงิน BSR,80,105,878928928924
PD69001420,ว่าวกระเบน ใหญ่,90,110,
PD69001421,อูโนกล่องแดง BBT,13,17,8857121585662
PD69001422,โป่งไฟลายปิกาจู,100,150,
PD69001423,โป่งไฟลายคุโรมิ,100,150,
PD69001424,โป่งไฟลายสไปเดอร์แมน,100,150,
PD69001425,โป่งไฟลายหมี,100,150,
PD69001426,โป่งไฟลายคิดตี้,100,150,
K152A,โมเดลรถมอเตอร์ไซกล่องใส K.152A,35,50,
PD69001427,โมเดลรถกล่องใส 909,55,80,
PD69001428,หน้ากากฮีโร่,50,70,
PD69001429,โมเดลรถแบทแมน V.1 V.2,120,150,
PD69001430,โมเดลรถแบทแมน V.3,140,170,
PD69001431,โมเดลฮีโร่ 4 ตัว,180,220,6972008079873
PD69001432,รถโพลีกล่อง,47,65,
PD69001434,โมเดลรถ 3 คัน hotWheel Batman,45,60,
PD69001435,โมเดลฮีโร่ บีบมีเสียง 5 ตัว,100,125,
PD69001436,โมเดลรถ 6 คัน hotWheel Batman,90,110,
PD69001437,โมเดลรถ Car3 10 คัน,180,220,
PD69001438,โมเดลรถ Car3 7 คัน รถพ่วง,150,190,
PD69001439,โมเดลเจ้าหญิง Disney 5 ตัว,200,235,6601900628819
PD69001440,โมเดลมาริโิอ้ 6 ตัว,180,220,6972008079897
PD69001441,กังหันเมฆ,53,60,
PD69001442,มังกรเป่าลม,50,100,9379600000019
VRT-1101B,ชูชีพเป่าลมแมวน้ำ VR,20,55,8858711918501
PD69001443,ขาสอดจระเข้ Mahnam,71.25,75,8859014750041
PD69001444,กระดานโต้คลื่น 44 นิ้ว ตัวตัด,190,230,8859074826748
PD69001445,ห่วงเป็ดโดนัท,20,45,6956373007099
PD69001446,ขาสอดหมา,60,70,
PD69001449,สไลเดอร์ฮิปโป้ฟ้า intex,300,590,
PD69001450,ปลอกแขนการ์ตูน 3D (ถุง) คละแบบ,28.79,35,
PD69001451,แว่นกล่องApec,25,35,
PD69001452,"ห่วงถูก 30"" ม้าน้ำ",20,30,8859811110796
PD69001453,ขาสอดเพกาซัส/ฟลามิงโก้ ม้าน้ำ,50,75,
PD69001454,ห่วงฟลามิงโก้ Shuizhongbao 70 cm.,35,45,5820180426002
PD69001456,ห่วงหัวแมวน้ำ ม้าน้ำ,10,65,
PD69001457,น้ำดื่มเซ็นได 600มล.,22,35,
PD69001458,"ที่นอนเป่าลม 73"" (ไม่มีเครื่องสูบ)",330,390,032251057700
PD69001459,"ที่นอนเป่าลม 78"" (ไม่มีเครื่องสูบ)",490,560,032251057694
PD69001460,บอลหนังมันลิขสิทธิ์ Toy / Monter,20,30,8859074807563
PD69001461,พวงกุญแจคีย์แคป มีไฟ,60,70,
PD69001464,รถตีลังกา MTR,0,220,8851059131540
PD69001465,"ขาสอดเครื่องบิน 36"" แดง",130,190,8859811100933
PD69001466,สกุชชี่ปังกรอบ,30,40,
PD69001467,สกุชชี่ปังกรอบ แผง,180,205,
PD69001468,สกุชชี่ซาลาเปา แผง,112.5,130,
PD69001469,ขาสอดเรือลายการ์ตูนสีฟ้า A2110,67.5,85,6956373021101
PD69001470,"ห่วงเกลียวรุ้ง 60 cm.22"" SY-A0801",43,65,6956373008027
PD69001471,กระดานโต้คลื่นเป่าลม A2118,76.5,100,6956373021187
PD69001472,ขาสอดเรือลายกระต่าย A2070,67.5,85,6956373020708
PD69001473,"ห่วงลายดอกไม้+มือจับ 42""",105,135,6920388601306
PD69001474,แพ 18 หลุม 27131,160,210,6920388602594
47215,ห่วงรูปปลา 47215,31.5,45,6920388606981
47256,ห่วงลายสมอเรือ/เครื่องบิน 47256,47.25,60,6920388615839
JD133-90A,คฑากลมโลมา 133-90A,55,70,6903606436744
JD133-89A,คฑากลมยูนิคอร์น  133-89A,55,70,6903606436737
PD69001475,"รถกระบะ บังคับ YHD23,24,25",100,130,8851631410254
PC037/YHD,รถบังคับ YHD-06,175,210,8851631037062
PC017/627,รถบังคับวิทยุ 1:24 ล้อไฟ 627-203,85,100,8851631176273
PA034/565,รถผสมปูนฝาครอบ 565-ฺ39,80,100,8851631945657
PD69001476,รถตะขอโฟล์คลิฟท์ XF6180-35A,90,110,8851631061807
PD69001477,รถผสมปูนบังคับ  175A,210,250,8851631101756
IMAB404CG/L,ชูชีพส้ม ลายพรางเขียว L,110,130,8851631284046
PD69001478,ชูชีพส้ม ลายพรางเขียว M,90,105,8851631274047
PD69001479,ชูชีพส้ม ลายพรางเขียว S,78,90,8851631264048
PD69001480,ชูชีพส้ม ลายพรางเขียว SS,68,80,8851631454043
PD69001481,ชูชีพส้ม ลายพราง L,110,130,8851631444044
PD69001482,ชูชีพส้ม ลายพราง M,90,105,8851631434045
PD69001483,ชูชีพส้ม ลายพราง S,78,90,8851631424046
PD69001484,ชูชีพส้ม ลายพราง SS,68,80,8851631464042
PD69001485,ห่วงเกลียวรุ้ง,0,55,6956373008010
PD69001486,ว่าวสกายแลป,105,115,
SW-F001,แพเปลลอยน้ำ VR,70,90,6910102403354
KSB-01014,แพเก้าอี้ลอยน้ำ VR,180,215,6910102400148
PD69001208,กังหันกลมใหญ่,0,75,
